bin,n,positives,mean_probability,observed_rate
0,16708,1073,0.012270184282719825,0.06422073258319368
1,1333,383,0.09328773260284999,0.2873218304576144
2,559,205,0.16232895507691342,0.3667262969588551
3,278,134,0.22944589497633427,0.48201438848920863
4,165,90,0.29640388068590967,0.5454545454545454
5,109,73,0.3616061864685929,0.6697247706422018
6,53,38,0.4264669821585601,0.7169811320754716
7,32,23,0.49604604485988113,0.71875
8,14,12,0.5733576483964937,0.8571428571428571
9,3,2,0.6208065581398581,0.6666666666666666
11,1,1,0.74761595472359,1.0
