model,fraction,seed,method,cal_fraction,domain,label,standardized_prevalence,prevalence_standardized_brier,prevalence_standardized_nll
resnet18,1.0,17,raw,1.0,chexpert,cardiomegaly,0.02434731592842476,0.022954992654715026,0.10803755419297158
resnet18,1.0,17,raw,1.0,chexpert,pleural_effusion,0.11332746651021805,0.07945491625186077,0.2688590384246878
resnet18,1.0,17,raw,1.0,nih,cardiomegaly,0.02434731592842476,0.020868720136247187,0.08520906433509963
resnet18,1.0,17,raw,1.0,nih,pleural_effusion,0.11332746651021805,0.0745994357140089,0.249121592606332
resnet18,1.0,17,raw,1.0,vinbig,cardiomegaly,0.02434731592842476,0.021678012799106895,0.09153132011814671
resnet18,1.0,17,raw,1.0,vinbig,pleural_effusion,0.11332746651021805,0.060000860440692284,0.2146789409081079
resnet18,1.0,17,temperature,1.0,chexpert,cardiomegaly,0.02434731592842476,0.022948385827287796,0.10585065204514324
resnet18,1.0,17,temperature,1.0,chexpert,pleural_effusion,0.11332746651021805,0.07959030824084072,0.2715467383553332
resnet18,1.0,17,temperature,1.0,nih,cardiomegaly,0.02434731592842476,0.020900460068809575,0.08482674216415431
resnet18,1.0,17,temperature,1.0,nih,pleural_effusion,0.11332746651021805,0.07461217271764077,0.24893549115341415
resnet18,1.0,17,temperature,1.0,vinbig,cardiomegaly,0.02434731592842476,0.02163607419659843,0.09014389652596468
resnet18,1.0,17,temperature,1.0,vinbig,pleural_effusion,0.11332746651021805,0.06007878551320065,0.2162165903751841
resnet18,1.0,43,raw,1.0,chexpert,cardiomegaly,0.02434731592842476,0.022878843072608405,0.104511639291867
resnet18,1.0,43,raw,1.0,chexpert,pleural_effusion,0.11332746651021805,0.07811746365778048,0.26284407176923846
resnet18,1.0,43,raw,1.0,nih,cardiomegaly,0.02434731592842476,0.020783171317755745,0.0846165275159737
resnet18,1.0,43,raw,1.0,nih,pleural_effusion,0.11332746651021805,0.07487534086077381,0.24923678905375224
resnet18,1.0,43,raw,1.0,vinbig,cardiomegaly,0.02434731592842476,0.021423534590656462,0.0878349628245783
resnet18,1.0,43,raw,1.0,vinbig,pleural_effusion,0.11332746651021805,0.06353091077196725,0.22260905233368866
resnet18,1.0,43,temperature,1.0,chexpert,cardiomegaly,0.02434731592842476,0.022878578248369988,0.10436129035692988
resnet18,1.0,43,temperature,1.0,chexpert,pleural_effusion,0.11332746651021805,0.07824689732063465,0.2649299853889593
resnet18,1.0,43,temperature,1.0,nih,cardiomegaly,0.02434731592842476,0.020785563010445537,0.08459614904016735
resnet18,1.0,43,temperature,1.0,nih,pleural_effusion,0.11332746651021805,0.07520626340665057,0.24956738658635874
resnet18,1.0,43,temperature,1.0,vinbig,cardiomegaly,0.02434731592842476,0.02142838470798711,0.08785220461533289
resnet18,1.0,43,temperature,1.0,vinbig,pleural_effusion,0.11332746651021805,0.06382226877182548,0.22410469699893965
resnet18,1.0,101,raw,1.0,chexpert,cardiomegaly,0.02434731592842476,0.023035089441146916,0.10641890604890941
resnet18,1.0,101,raw,1.0,chexpert,pleural_effusion,0.11332746651021805,0.07976827174641961,0.26738728049040356
resnet18,1.0,101,raw,1.0,nih,cardiomegaly,0.02434731592842476,0.021012876576659886,0.08601463743870895
resnet18,1.0,101,raw,1.0,nih,pleural_effusion,0.11332746651021805,0.07531042099764343,0.2522664667178552
resnet18,1.0,101,raw,1.0,vinbig,cardiomegaly,0.02434731592842476,0.022172322687149013,0.0952437241392341
resnet18,1.0,101,raw,1.0,vinbig,pleural_effusion,0.11332746651021805,0.06553920983782394,0.2264501511727766
resnet18,1.0,101,temperature,1.0,chexpert,cardiomegaly,0.02434731592842476,0.023135836426966653,0.10580195183130717
resnet18,1.0,101,temperature,1.0,chexpert,pleural_effusion,0.11332746651021805,0.07978592597959197,0.26892482842981497
resnet18,1.0,101,temperature,1.0,nih,cardiomegaly,0.02434731592842476,0.02102121205468197,0.08564923392348874
resnet18,1.0,101,temperature,1.0,nih,pleural_effusion,0.11332746651021805,0.0754243376597897,0.25140497977393456
resnet18,1.0,101,temperature,1.0,vinbig,cardiomegaly,0.02434731592842476,0.022135618488577806,0.09384079657935317
resnet18,1.0,101,temperature,1.0,vinbig,pleural_effusion,0.11332746651021805,0.06483448573267017,0.22413543707410746
resnet18,1.0,ensemble,ensemble_temperature,1.0,chexpert,cardiomegaly,0.02434731592842476,0.022567947514395614,0.10120431380150692
resnet18,1.0,ensemble,ensemble_temperature,1.0,chexpert,pleural_effusion,0.11332746651021805,0.07774219002421329,0.2624764858191557
resnet18,1.0,ensemble,ensemble_temperature,1.0,nih,cardiomegaly,0.02434731592842476,0.020403584613183107,0.08136391419663971
resnet18,1.0,ensemble,ensemble_temperature,1.0,nih,pleural_effusion,0.11332746651021805,0.07360535486621965,0.24459728831563507
resnet18,1.0,ensemble,ensemble_temperature,1.0,vinbig,cardiomegaly,0.02434731592842476,0.021243148505054994,0.08621389115641162
resnet18,1.0,ensemble,ensemble_temperature,1.0,vinbig,pleural_effusion,0.11332746651021805,0.06163231574943819,0.21594628933326834
densenet121,1.0,17,raw,1.0,chexpert,cardiomegaly,0.02434731592842476,0.02249953840195542,0.10043423587107367
densenet121,1.0,17,raw,1.0,chexpert,pleural_effusion,0.11332746651021805,0.0743970939181601,0.2532962377207387
densenet121,1.0,17,raw,1.0,nih,cardiomegaly,0.02434731592842476,0.02087495163633645,0.0845887387802413
densenet121,1.0,17,raw,1.0,nih,pleural_effusion,0.11332746651021805,0.07242025157380949,0.24159804944053342
densenet121,1.0,17,raw,1.0,vinbig,cardiomegaly,0.02434731592842476,0.022258904011057967,0.0955734154399556
densenet121,1.0,17,raw,1.0,vinbig,pleural_effusion,0.11332746651021805,0.05339485576441895,0.1957600935239865
densenet121,1.0,17,temperature,1.0,chexpert,cardiomegaly,0.02434731592842476,0.022743487766822133,0.10041363135419924
densenet121,1.0,17,temperature,1.0,chexpert,pleural_effusion,0.11332746651021805,0.07566403289528996,0.2587308038683321
densenet121,1.0,17,temperature,1.0,nih,cardiomegaly,0.02434731592842476,0.020825435536787153,0.08312009360658906
densenet121,1.0,17,temperature,1.0,nih,pleural_effusion,0.11332746651021805,0.0727933361486407,0.24160403345897558
densenet121,1.0,17,temperature,1.0,vinbig,cardiomegaly,0.02434731592842476,0.022246644049796503,0.09320174383044938
densenet121,1.0,17,temperature,1.0,vinbig,pleural_effusion,0.11332746651021805,0.0546673130876021,0.20184492407788848
densenet121,1.0,43,raw,1.0,chexpert,cardiomegaly,0.02434731592842476,0.02405967327523044,0.10878308008194733
densenet121,1.0,43,raw,1.0,chexpert,pleural_effusion,0.11332746651021805,0.074922374051434,0.2557536652298993
densenet121,1.0,43,raw,1.0,nih,cardiomegaly,0.02434731592842476,0.02128852163281749,0.08379763526230108
densenet121,1.0,43,raw,1.0,nih,pleural_effusion,0.11332746651021805,0.07474485694632249,0.2462135055155616
densenet121,1.0,43,raw,1.0,vinbig,cardiomegaly,0.02434731592842476,0.02212405532833591,0.09423735214799311
densenet121,1.0,43,raw,1.0,vinbig,pleural_effusion,0.11332746651021805,0.05434673899068274,0.20110594477185992
densenet121,1.0,43,temperature,1.0,chexpert,cardiomegaly,0.02434731592842476,0.023985833696393035,0.10926663146866622
densenet121,1.0,43,temperature,1.0,chexpert,pleural_effusion,0.11332746651021805,0.07512687108186122,0.2567374119248776
densenet121,1.0,43,temperature,1.0,nih,cardiomegaly,0.02434731592842476,0.021266503372456908,0.08389486447253713
densenet121,1.0,43,temperature,1.0,nih,pleural_effusion,0.11332746651021805,0.07484331907604702,0.2464938906099019
densenet121,1.0,43,temperature,1.0,vinbig,cardiomegaly,0.02434731592842476,0.022107343505394665,0.09479690808424117
densenet121,1.0,43,temperature,1.0,vinbig,pleural_effusion,0.11332746651021805,0.05448430172406268,0.20152166959508044
densenet121,1.0,101,raw,1.0,chexpert,cardiomegaly,0.02434731592842476,0.022572607090458958,0.10297326187178887
densenet121,1.0,101,raw,1.0,chexpert,pleural_effusion,0.11332746651021805,0.07707366184832082,0.26196103298536483
densenet121,1.0,101,raw,1.0,nih,cardiomegaly,0.02434731592842476,0.021116401201837793,0.08679476095912006
densenet121,1.0,101,raw,1.0,nih,pleural_effusion,0.11332746651021805,0.07179655421787248,0.24231698200382554
densenet121,1.0,101,raw,1.0,vinbig,cardiomegaly,0.02434731592842476,0.022364615504010782,0.09549400633704577
densenet121,1.0,101,raw,1.0,vinbig,pleural_effusion,0.11332746651021805,0.05987305463194454,0.2092282921624903
densenet121,1.0,101,temperature,1.0,chexpert,cardiomegaly,0.02434731592842476,0.022539862221841577,0.10368046274573103
densenet121,1.0,101,temperature,1.0,chexpert,pleural_effusion,0.11332746651021805,0.0766453662458591,0.26052091934667515
densenet121,1.0,101,temperature,1.0,nih,cardiomegaly,0.02434731592842476,0.021073526583580762,0.08689997181810838
densenet121,1.0,101,temperature,1.0,nih,pleural_effusion,0.11332746651021805,0.0720037788802377,0.2412930533061139
densenet121,1.0,101,temperature,1.0,vinbig,cardiomegaly,0.02434731592842476,0.022359195371367966,0.09634874772729685
densenet121,1.0,101,temperature,1.0,vinbig,pleural_effusion,0.11332746651021805,0.058953434532040536,0.20482241180288746
densenet121,1.0,ensemble,ensemble_temperature,1.0,chexpert,cardiomegaly,0.02434731592842476,0.022276262567758595,0.09887129326242514
densenet121,1.0,ensemble,ensemble_temperature,1.0,chexpert,pleural_effusion,0.11332746651021805,0.07281528246464519,0.247759363016853
densenet121,1.0,ensemble,ensemble_temperature,1.0,nih,cardiomegaly,0.02434731592842476,0.020416086358634275,0.08047141799522775
densenet121,1.0,ensemble,ensemble_temperature,1.0,nih,pleural_effusion,0.11332746651021805,0.07054604557592802,0.23421247511498672
densenet121,1.0,ensemble,ensemble_temperature,1.0,vinbig,cardiomegaly,0.02434731592842476,0.021831013989790808,0.09137108893872561
densenet121,1.0,ensemble,ensemble_temperature,1.0,vinbig,pleural_effusion,0.11332746651021805,0.053936914884780085,0.1940200108890072
deit_tiny,1.0,17,raw,1.0,chexpert,cardiomegaly,0.02434731592842476,0.024754792834796494,0.10592988387932334
deit_tiny,1.0,17,raw,1.0,chexpert,pleural_effusion,0.11332746651021805,0.07849241259232899,0.26772340678774986
deit_tiny,1.0,17,raw,1.0,nih,cardiomegaly,0.02434731592842476,0.021638211128439527,0.08521847405172504
deit_tiny,1.0,17,raw,1.0,nih,pleural_effusion,0.11332746651021805,0.07453321290955361,0.245623459877245
deit_tiny,1.0,17,raw,1.0,vinbig,cardiomegaly,0.02434731592842476,0.021721449447135225,0.09007465463627609
deit_tiny,1.0,17,raw,1.0,vinbig,pleural_effusion,0.11332746651021805,0.05441660183170563,0.19611020824128422
deit_tiny,1.0,17,temperature,1.0,chexpert,cardiomegaly,0.02434731592842476,0.024613530919334548,0.10601423130754085
deit_tiny,1.0,17,temperature,1.0,chexpert,pleural_effusion,0.11332746651021805,0.07866840887208355,0.2686168258766345
deit_tiny,1.0,17,temperature,1.0,nih,cardiomegaly,0.02434731592842476,0.02158894047210569,0.08529398995655241
deit_tiny,1.0,17,temperature,1.0,nih,pleural_effusion,0.11332746651021805,0.0745474490774899,0.24574078306625746
deit_tiny,1.0,17,temperature,1.0,vinbig,cardiomegaly,0.02434731592842476,0.021617564824171372,0.09000144400830995
deit_tiny,1.0,17,temperature,1.0,vinbig,pleural_effusion,0.11332746651021805,0.0544431907952469,0.1962680903250545
deit_tiny,1.0,43,raw,1.0,chexpert,cardiomegaly,0.02434731592842476,0.022230008336664466,0.0985602215621055
deit_tiny,1.0,43,raw,1.0,chexpert,pleural_effusion,0.11332746651021805,0.07649803232050095,0.2599573844705859
deit_tiny,1.0,43,raw,1.0,nih,cardiomegaly,0.02434731592842476,0.021141355813462315,0.0864314945160373
deit_tiny,1.0,43,raw,1.0,nih,pleural_effusion,0.11332746651021805,0.07380033846848877,0.24583299858985644
deit_tiny,1.0,43,raw,1.0,vinbig,cardiomegaly,0.02434731592842476,0.021185430377921075,0.08681076412524177
deit_tiny,1.0,43,raw,1.0,vinbig,pleural_effusion,0.11332746651021805,0.05688919021470113,0.20133157382974984
deit_tiny,1.0,43,temperature,1.0,chexpert,cardiomegaly,0.02434731592842476,0.022240909852563363,0.09751322774253837
deit_tiny,1.0,43,temperature,1.0,chexpert,pleural_effusion,0.11332746651021805,0.0769510320768653,0.26399019543683355
deit_tiny,1.0,43,temperature,1.0,nih,cardiomegaly,0.02434731592842476,0.021009786682099147,0.08525833102791654
deit_tiny,1.0,43,temperature,1.0,nih,pleural_effusion,0.11332746651021805,0.07358248228483445,0.2455705407622446
deit_tiny,1.0,43,temperature,1.0,vinbig,cardiomegaly,0.02434731592842476,0.020990377004412808,0.08528563858064643
deit_tiny,1.0,43,temperature,1.0,vinbig,pleural_effusion,0.11332746651021805,0.05666768344754594,0.20162838965940913
deit_tiny,1.0,101,raw,1.0,chexpert,cardiomegaly,0.02434731592842476,0.02476135036521908,0.10796479325596105
deit_tiny,1.0,101,raw,1.0,chexpert,pleural_effusion,0.11332746651021805,0.07787184694113015,0.2620058157394323
deit_tiny,1.0,101,raw,1.0,nih,cardiomegaly,0.02434731592842476,0.021473953080820434,0.08574113236130852
deit_tiny,1.0,101,raw,1.0,nih,pleural_effusion,0.11332746651021805,0.07359999578595236,0.24784193566541213
deit_tiny,1.0,101,raw,1.0,vinbig,cardiomegaly,0.02434731592842476,0.021327182066184138,0.09065128460769063
deit_tiny,1.0,101,raw,1.0,vinbig,pleural_effusion,0.11332746651021805,0.0632149236490144,0.22270473482824055
deit_tiny,1.0,101,temperature,1.0,chexpert,cardiomegaly,0.02434731592842476,0.024991704571779048,0.1080123505193368
deit_tiny,1.0,101,temperature,1.0,chexpert,pleural_effusion,0.11332746651021805,0.078417001494944,0.26769431683265665
deit_tiny,1.0,101,temperature,1.0,nih,cardiomegaly,0.02434731592842476,0.021533370696117878,0.08550246321601293
deit_tiny,1.0,101,temperature,1.0,nih,pleural_effusion,0.11332746651021805,0.07336444716051876,0.24435662397748376
deit_tiny,1.0,101,temperature,1.0,vinbig,cardiomegaly,0.02434731592842476,0.021382682351889566,0.09006462614891612
deit_tiny,1.0,101,temperature,1.0,vinbig,pleural_effusion,0.11332746651021805,0.06152348019031459,0.2132433689241795
deit_tiny,1.0,ensemble,ensemble_temperature,1.0,chexpert,cardiomegaly,0.02434731592842476,0.022622275551965193,0.09843171943894752
deit_tiny,1.0,ensemble,ensemble_temperature,1.0,chexpert,pleural_effusion,0.11332746651021805,0.07541033043441878,0.2581175474615297
deit_tiny,1.0,ensemble,ensemble_temperature,1.0,nih,cardiomegaly,0.02434731592842476,0.020482079660720482,0.08055642366415562
deit_tiny,1.0,ensemble,ensemble_temperature,1.0,nih,pleural_effusion,0.11332746651021805,0.07191142707282151,0.23876019801538415
deit_tiny,1.0,ensemble,ensemble_temperature,1.0,vinbig,cardiomegaly,0.02434731592842476,0.02069200981797934,0.08430366346605714
deit_tiny,1.0,ensemble,ensemble_temperature,1.0,vinbig,pleural_effusion,0.11332746651021805,0.05644325513497958,0.19699329265188043
