model,fraction,seed,method,cal_fraction,domain,label,label_policy,n,positive,negative,prevalence,auroc,auprc,brier,nll,ece15,adaptive_ece15,sensitivity,specificity,ppv,npv,f1,threshold,tp,tn,fp,fn,low_event_warning,source_constant_brier,brier_skill_vs_source_constant,calibration_intercept,calibration_slope,calibration_in_large
resnet18,1.0,17,raw,1.0,chexpert,cardiomegaly,uncertain_negative,20000,2034,17966,0.1017,0.7716691125627769,0.30580428996955,0.09084053755300309,0.3996443237241009,0.07974806326942303,0.07967324643486182,0.7232055063913471,0.6709339864187911,0.1992415007449546,0.9553776650550844,0.3124137198683232,0.008847355082930384,1471,12054,5912,563,False,0.09734054773307692,0.06677597703577631,0.34707126024605556,0.5406064176081523,2.020041558747466
resnet18,1.0,17,raw,1.0,chexpert,cardiomegaly,uncertain_positive,20000,2779,17221,0.13895,0.7600934062968511,0.3621482760824709,0.12497013792056282,0.5601257080014446,0.11692324643486181,0.11692324643486181,0.6941345807844549,0.6832936530979618,0.26127590410402274,0.9326305777918681,0.3796496752607754,0.008847355082930384,1929,11767,5454,850,False,0.13277667269640925,0.058794475093497,0.6256810715009138,0.5109340665895125,2.5233771075278977
resnet18,1.0,17,raw,1.0,chexpert,cardiomegaly,explicit_only,3371,2034,1337,0.6033817858202314,0.8365218363365053,0.8719084174235687,0.5294419899425058,2.280706416531474,0.557228268796099,0.5572282687960989,0.7232055063913471,0.7883320867614061,0.838654503990878,0.6518243661100804,0.776663146779303,0.008847355082930384,1471,1054,283,563,False,0.5745931236835052,0.07857931444001998,3.680427286921628,0.6473214746732057,5.489646975670504
resnet18,1.0,17,raw,1.0,chexpert,pleural_effusion,uncertain_negative,20000,5642,14358,0.2821,0.8332256647369275,0.671269621239173,0.17633948528031382,0.5345842140360622,0.14727530888396315,0.14727530888396315,0.9470046082949308,0.4060454102242652,0.3851921274601687,0.95121553271333,0.54763491005996,0.03986249410726427,5343,5830,8528,299,False,0.2310037580605596,0.2366380237239044,1.4686573860235972,1.1635342029696767,1.1702594777199427
resnet18,1.0,17,raw,1.0,chexpert,pleural_effusion,uncertain_positive,20000,6709,13291,0.33545,0.8114362743983723,0.6999360196876399,0.21488714005047674,0.6571735939188746,0.20062530888396315,0.20062530888396313,0.9201073185273513,0.4208110751636446,0.4450291976065172,0.9125469081416218,0.5999028182701652,0.03986249410726427,6173,5593,7698,536,False,0.2722617173839193,0.21073317940082636,1.5581729843807277,1.0270611194764565,1.504462172477293
resnet18,1.0,17,raw,1.0,chexpert,pleural_effusion,explicit_only,9850,5642,4208,0.5727918781725888,0.9076806782846737,0.9285248641013997,0.3367523816882174,0.9668719770711693,0.40378661249228054,0.4037866124922806,0.9470046082949308,0.5826996197718631,0.7526412170728272,0.891312250090876,0.8387096774193549,0.03986249410726427,5343,2452,1756,299,False,0.45580888805635555,0.26119829930437466,3.9293884970978916,1.5590466091253767,2.615972304173513
resnet18,1.0,17,raw,1.0,vinbig,cardiomegaly,unanimous_only,13995,1297,12698,0.09267595569846374,0.9009666831134232,0.5162063835427763,0.07417655535547232,0.27413537427624496,0.06773570834190125,0.06777619082473808,0.9036237471087124,0.729721215939518,0.2545612510860122,0.9866893834522416,0.39722081003219795,0.008847355082930384,1172,9266,3432,125,False,0.08875592594666386,0.16426363012597855,1.5863886912429743,0.9143394642203563,1.8603192749903903
resnet18,1.0,17,raw,1.0,vinbig,pleural_effusion,unanimous_only,14405,439,13966,0.030475529330093717,0.9435083478033376,0.7289062399146159,0.01749212394095491,0.08557816729983256,0.04072248053209511,0.03228598231607915,0.9544419134396356,0.61198625232708,0.07177115450496746,0.9976654604879187,0.13350326589134937,0.03986249410726427,419,8547,5419,20,False,0.036411214936643586,0.5195951584864269,1.003342735431166,2.1393012059785663,-0.8051970273124651
resnet18,1.0,17,temperature,1.0,chexpert,cardiomegaly,uncertain_negative,20000,2034,17966,0.1017,0.7716691125627769,0.30580428996955,0.0900066826485621,0.38236817751716895,0.07686658558749011,0.07679289775766758,0.7232055063913471,0.6709339864187911,0.1992415007449546,0.9553776650550844,0.3124137198683232,0.011398597841683646,1471,12054,5912,563,False,0.09734054773307692,0.0753423445348328,0.3470977076313948,0.5716081440424037,1.8344559776173148
resnet18,1.0,17,temperature,1.0,chexpert,cardiomegaly,uncertain_positive,20000,2779,17221,0.13895,0.7600934062968511,0.3621482760824709,0.12378687192137083,0.5341449109749127,0.11404289775766756,0.11404289775766756,0.6941345807844549,0.6832936530979618,0.26127590410402274,0.9326305777918681,0.3796496752607754,0.011398597841683646,1929,11767,5454,850,False,0.13277667269640925,0.06770617603585671,0.6256670240491808,0.5402348454323226,2.323875761015114
resnet18,1.0,17,temperature,1.0,chexpert,cardiomegaly,explicit_only,3371,2034,1337,0.6033817858202314,0.8365218363365053,0.8719084174235687,0.5230875642943946,2.16458970399981,0.5529495281964407,0.5529495281964408,0.7232055063913471,0.7883320867614061,0.838654503990878,0.6518243661100804,0.776663146779303,0.011398597841683646,1471,1054,283,563,False,0.5745931236835052,0.08963831495045993,3.680427104145105,0.6844464212823663,5.210603570201718
resnet18,1.0,17,temperature,1.0,chexpert,pleural_effusion,uncertain_negative,20000,5642,14358,0.2821,0.8332256647369275,0.671269621239173,0.17083613494810876,0.5111718585138315,0.1291323075709113,0.1291323075709113,0.9470046082949308,0.4060454102242652,0.3851921274601687,0.95121553271333,0.54763491005996,0.057135927816705255,5343,5830,8528,299,False,0.2310037580605596,0.2604616635573408,1.4686528038665836,1.3204651495172222,0.9482770676028828
resnet18,1.0,17,temperature,1.0,chexpert,pleural_effusion,uncertain_positive,20000,6709,13291,0.33545,0.8114362743983723,0.6999360196876399,0.20724860806465298,0.6191909651994656,0.18248230757091127,0.18248230757091127,0.9201073185273513,0.4208110751636446,0.4450291976065172,0.9125469081416218,0.5999028182701652,0.057135927816705255,6173,5593,7698,536,False,0.2722617173839193,0.23878902235671495,1.5581926182559631,1.1656024701245606,1.2663545381114047
resnet18,1.0,17,temperature,1.0,chexpert,pleural_effusion,explicit_only,9850,5642,4208,0.5727918781725888,0.9076806782846737,0.9285248641013997,0.3206657792366987,0.8965265462042161,0.3867877620416986,0.38678776204169873,0.9470046082949308,0.5826996197718631,0.7526412170728272,0.891312250090876,0.8387096774193549,0.057135927816705255,5343,2452,1756,299,False,0.45580888805635555,0.29649072749750316,3.9290972908492297,1.7692100951951475,2.3369445326390164
resnet18,1.0,17,temperature,1.0,vinbig,cardiomegaly,unanimous_only,13995,1297,12698,0.09267595569846374,0.9009666831134232,0.5162063835427763,0.07320466680693229,0.26366195317469726,0.06509430243189114,0.06515984065042636,0.9036237471087124,0.729721215939518,0.2545612510860122,0.9866893834522416,0.39722081003219795,0.011398597841683646,1172,9266,3432,125,False,0.08875592594666386,0.17521375585757282,1.5863972637131827,0.9667809417345641,1.687641394941097
resnet18,1.0,17,temperature,1.0,vinbig,pleural_effusion,unanimous_only,14405,439,13966,0.030475529330093717,0.9435083478033376,0.7289062399146159,0.019339608482421302,0.09903580154561464,0.05566015753304477,0.04472020452144511,0.9544419134396356,0.61198625232708,0.07177115450496746,0.9976654604879187,0.13350326589134937,0.057135927816705255,419,8547,5419,20,False,0.036411214936643586,0.4688557216211352,1.0033475844015045,2.4278337127608562,-1.0430928382745153
resnet18,1.0,43,raw,1.0,chexpert,cardiomegaly,uncertain_negative,20000,2034,17966,0.1017,0.7701060842445651,0.30721775651061833,0.09008160188695831,0.3771279934478942,0.0769191428284867,0.07680035718645274,0.7345132743362832,0.6670377379494601,0.1998394863563403,0.9568827850526989,0.3141955835962145,0.012147170099805137,1494,11984,5982,540,False,0.09734054773307692,0.07457268337983647,0.5007124357431613,0.6243672747945058,1.8169400543287237
resnet18,1.0,43,raw,1.0,chexpert,cardiomegaly,uncertain_positive,20000,2779,17221,0.13895,0.7599275585915996,0.36746333863861613,0.12372740106031156,0.5236215542389099,0.114053042223293,0.11405035718645276,0.7020510975170925,0.6791707798617966,0.26096843231674693,0.9338869370808048,0.3804973183812774,0.012147170099805137,1951,11696,5525,828,False,0.13277667269640925,0.06815407746199997,0.8183845623756864,0.6023473406635954,2.2924015867825513
resnet18,1.0,43,raw,1.0,chexpert,cardiomegaly,explicit_only,3371,2034,1337,0.6033817858202314,0.8282431646305992,0.8681234472704968,0.5238755635469652,2.1336105036005484,0.5530167634215567,0.5530167634215567,0.7345132743362832,0.7636499626028422,0.825414364640884,0.6540679051889814,0.777315296566077,0.012147170099805137,1494,1021,316,540,False,0.5745931236835052,0.08826691104726148,3.8393735787202212,0.7499670327526684,5.007194441253954
resnet18,1.0,43,raw,1.0,chexpert,pleural_effusion,uncertain_negative,20000,5642,14358,0.2821,0.8424210344293113,0.6795577963833838,0.17168769803906253,0.5209134215916198,0.14352813243129361,0.14352813243129361,0.9498404820985467,0.44456052374982585,0.40190490475476226,0.9575457545754575,0.564818718381113,0.03912164687533285,5359,6383,7975,283,False,0.2310037580605596,0.2567753032223261,1.3574781917315413,1.1120380908365823,1.1604514671219848
resnet18,1.0,43,raw,1.0,chexpert,pleural_effusion,uncertain_positive,20000,6709,13291,0.33545,0.8240745900504186,0.7112773908841001,0.20910274724010341,0.6416088256443542,0.1968781324312936,0.19687813243129362,0.9235355492621852,0.4629448498984275,0.4646767661616919,0.923042304230423,0.6182707179563938,0.03912164687533285,6196,6153,7138,513,False,0.2722617173839193,0.2319788868985746,1.4785503139048908,0.9846199415739928,1.5083582260289647
resnet18,1.0,43,raw,1.0,chexpert,pleural_effusion,explicit_only,9850,5642,4208,0.5727918781725888,0.9205052908118497,0.9374386985133454,0.32523274467134156,0.935631992286907,0.39812833937513775,0.3981283393751377,0.9498404820985467,0.6454372623574145,0.7822215734929208,0.9056352117372457,0.8579204354438486,0.03912164687533285,5359,2716,1492,283,False,0.45580888805635555,0.28647125320836164,3.8615913066793035,1.4955383654116357,2.684554460847895
resnet18,1.0,43,raw,1.0,vinbig,cardiomegaly,unanimous_only,13995,1297,12698,0.09267595569846374,0.9063902874838807,0.5329045478952967,0.0699504702892972,0.2384851866025948,0.057373032052063434,0.05754944997027249,0.9529683885890516,0.6504961411245865,0.2178357419809658,0.9926691503425069,0.3546119638502367,0.012147170099805137,1236,8260,4438,61,False,0.08875592594666386,0.21187831073575225,1.621956921156381,1.1151853455158005,1.3117736912891793
resnet18,1.0,43,raw,1.0,vinbig,pleural_effusion,unanimous_only,14405,439,13966,0.030475529330093717,0.9325574931896108,0.5921070142567305,0.021889087985942673,0.0980635266130845,0.042587755495127735,0.03748960435961584,0.9567198177676538,0.6057568380352284,0.07087411407357408,0.9977591697134096,0.13197172034564023,0.03912164687533285,420,8460,5506,19,False,0.036411214936643586,0.3988366489821824,-0.06283409714397148,1.72093273804509,-0.9900176081885905
resnet18,1.0,43,temperature,1.0,chexpert,cardiomegaly,uncertain_negative,20000,2034,17966,0.1017,0.7701060842445651,0.30721775651061833,0.09000563163274303,0.37568824077197516,0.0766363318796729,0.0765180990214083,0.7345132743362832,0.6670377379494601,0.1998394863563403,0.9568827850526989,0.3141955835962145,0.012412694518306927,1494,11984,5982,540,False,0.09734054773307692,0.07535314184226072,0.5007468283346936,0.627497640190958,1.8003176161163705
resnet18,1.0,43,temperature,1.0,chexpert,cardiomegaly,uncertain_positive,20000,2779,17221,0.13895,0.7599275585915996,0.36746333863861613,0.12361807441154724,0.5214526606962394,0.1137705438192947,0.11376809902140829,0.7020510975170925,0.6791707798617966,0.26096843231674693,0.9338869370808048,0.3804973183812774,0.012412694518306927,1951,11696,5525,828,False,0.13277667269640925,0.06897746493318846,0.8183842950252668,0.6053603131810972,2.2746719766255508
resnet18,1.0,43,temperature,1.0,chexpert,cardiomegaly,explicit_only,3371,2034,1337,0.6033817858202314,0.8282431646305992,0.8681234472704968,0.5232936873533811,2.123721113448539,0.5526147728531554,0.5526147728531554,0.7345132743362832,0.7636499626028422,0.825414364640884,0.6540679051889814,0.777315296566077,0.012412694518306927,1494,1021,316,540,False,0.5745931236835052,0.08927958622487908,3.8393741546686244,0.7537185761043621,4.983890152226175
resnet18,1.0,43,temperature,1.0,chexpert,pleural_effusion,uncertain_negative,20000,5642,14358,0.2821,0.8424210344293113,0.6795577963833838,0.1669121119072602,0.5000892077252925,0.12774153277547115,0.12774153277547115,0.9498404820985467,0.44456052374982585,0.40190490475476226,0.9575457545754575,0.564818718381113,0.05487353014779179,5359,6383,7975,283,False,0.2310037580605596,0.27744849993521403,1.3574005176071644,1.250648019915572,0.9610558625957696
resnet18,1.0,43,temperature,1.0,chexpert,pleural_effusion,uncertain_positive,20000,6709,13291,0.33545,0.8240745900504186,0.7112773908841001,0.2023893148340603,0.6074042326631304,0.18109153277547113,0.18109153277547113,0.9235355492621852,0.4629448498984275,0.4646767661616919,0.923042304230423,0.6182707179563938,0.05487353014779179,6196,6153,7138,513,False,0.2722617173839193,0.2566368978394826,1.4786320652844906,1.107418499675774,1.2918591874210574
resnet18,1.0,43,temperature,1.0,chexpert,pleural_effusion,explicit_only,9850,5642,4208,0.5727918781725888,0.9205052908118497,0.9374386985133454,0.3111078544402691,0.8731354982544691,0.38358275198045766,0.38358275198045766,0.9498404820985467,0.6454372623574145,0.7822215734929208,0.9056352117372457,0.8579204354438486,0.05487353014779179,5359,2716,1492,283,False,0.45580888805635555,0.31745987717158297,3.8615822768506955,1.6820014277982038,2.4203602708631973
resnet18,1.0,43,temperature,1.0,vinbig,cardiomegaly,unanimous_only,13995,1297,12698,0.09267595569846374,0.9063902874838807,0.5329045478952967,0.06986373791181699,0.23783613716605034,0.057061635509845506,0.05724958967782197,0.9529683885890516,0.6504961411245865,0.2178357419809658,0.9926691503425069,0.3546119638502367,0.012412694518306927,1236,8260,4438,61,False,0.08875592594666386,0.21285551171197015,1.6219454158446869,1.120780016626043,1.2981422967768592
resnet18,1.0,43,temperature,1.0,vinbig,pleural_effusion,unanimous_only,14405,439,13966,0.030475529330093717,0.9325574931896108,0.5921070142567305,0.023835462924707073,0.1100509870029196,0.05613017223391514,0.05036924168242006,0.9567198177676538,0.6057568380352284,0.07087411407357408,0.9977591697134096,0.13197172034564023,0.05487353014779179,420,8460,5506,19,False,0.036411214936643586,0.34538127974632626,-0.06301440204947999,1.9354409946338338,-1.1750447895914693
resnet18,1.0,101,raw,1.0,chexpert,cardiomegaly,uncertain_negative,20000,2034,17966,0.1017,0.7553945171864566,0.2941784685860136,0.08933668954599837,0.36917127249128845,0.0719375672514045,0.0719375672514045,0.8574237954768928,0.4625960146944228,0.152995876831301,0.9662829903499593,0.2596590486116281,0.006314364670896371,1744,8311,9655,290,False,0.09734054773307692,0.08222532514432102,0.1066968523784346,0.5528057501423926,1.5510337216074261
resnet18,1.0,101,raw,1.0,chexpert,cardiomegaly,uncertain_positive,20000,2779,17221,0.13895,0.7466037421903796,0.34974695654225263,0.12260283137935103,0.5093028093565228,0.10918756725140452,0.1091875672514045,0.8441885570349047,0.4743046280703792,0.20580752697605054,0.9496570166259737,0.33093525179856115,0.006314364670896371,2346,8168,9053,433,False,0.13277667269640925,0.07662371040371274,0.3969739066122208,0.5247173382257508,2.0146261734486073
resnet18,1.0,101,raw,1.0,chexpert,cardiomegaly,explicit_only,3371,2034,1337,0.6033817858202314,0.8197541568944989,0.8572650992956538,0.5175254433287019,2.061487649271864,0.5482938737073534,0.5482938737073533,0.8574237954768928,0.6118175018698578,0.7706584180291648,0.7382671480144405,0.8117291133348848,0.006314364670896371,1744,818,519,290,False,0.5745931236835052,0.0993184185514846,3.2159503723151786,0.6235394909236143,4.892760113695133
resnet18,1.0,101,raw,1.0,chexpert,pleural_effusion,uncertain_negative,20000,5642,14358,0.2821,0.8364476740250165,0.6645917973617539,0.17620817152678947,0.5352274055549521,0.14922951713865212,0.14922951713865212,0.9441687344913151,0.4488090263267865,0.40231100370062683,0.9533954727030626,0.5642111952549913,0.037047168669075196,5327,6444,7914,315,False,0.2310037580605596,0.23720647228347247,1.3310844494388308,1.0627251155034987,1.2179584048095615
resnet18,1.0,101,raw,1.0,chexpert,pleural_effusion,uncertain_positive,20000,6709,13291,0.33545,0.8170639051308668,0.6964111056025912,0.2145125453893257,0.6613971389839071,0.2025795171386521,0.20257951713865213,0.9131018035474735,0.4646753442178918,0.46265387810588327,0.9137446367805888,0.6141353383458646,0.037047168669075196,6126,6176,7115,583,False,0.2722617173839193,0.21210904180539214,1.4280887934174027,0.9298225790201821,1.56735560252324
resnet18,1.0,101,raw,1.0,chexpert,pleural_effusion,explicit_only,9850,5642,4208,0.5727918781725888,0.9171695125370153,0.9326059127652311,0.3353589731395444,0.9683015191335704,0.4069013635585872,0.4069013635585871,0.9441687344913151,0.6506653992395437,0.7837281153450052,0.8968227972486079,0.8564997186268992,0.037047168669075196,5327,2738,1470,315,False,0.45580888805635555,0.2642553010109775,3.814891886993771,1.426727138859908,2.7743769671582617
resnet18,1.0,101,raw,1.0,vinbig,cardiomegaly,unanimous_only,13995,1297,12698,0.09267595569846374,0.8774879160056895,0.45639430074007103,0.07776374801754317,0.294730910057952,0.0700457731921898,0.07005313152310802,0.9244410177332305,0.6397070404788155,0.20765500519570487,0.9880793090864858,0.339131664545326,0.006314364670896371,1199,8123,4575,98,False,0.08875592594666386,0.12384725652827089,1.5291219028232503,0.898479611983096,1.8658507310184225
resnet18,1.0,101,raw,1.0,vinbig,pleural_effusion,unanimous_only,14405,439,13966,0.030475529330093717,0.9405606587035159,0.6453697942463266,0.01912370230146607,0.08473267376566633,0.030917416197687998,0.024541761566123328,0.9453302961275627,0.6747100100243448,0.0837031060911658,0.997459510955859,0.15378914211599037,0.037047168669075196,415,9423,4543,24,False,0.036411214936643586,0.4747853831644513,0.7945447639152815,1.8615594183129545,-0.6318977676464903
resnet18,1.0,101,temperature,1.0,chexpert,cardiomegaly,uncertain_negative,20000,2034,17966,0.1017,0.7553945171864566,0.2941784685860136,0.08847196169729843,0.35491391890292806,0.0680191514708198,0.0680191514708198,0.8574237954768928,0.4625960146944228,0.152995876831301,0.9662829903499593,0.2596590486116281,0.008317723356279153,1744,8311,9655,290,False,0.09734054773307692,0.09110885691847093,0.10669835585725426,0.5849016779871472,1.3841494445379399
resnet18,1.0,101,temperature,1.0,chexpert,cardiomegaly,uncertain_positive,20000,2779,17221,0.13895,0.7466037421903796,0.34974695654225263,0.12129505640840055,0.487356036031052,0.10526915147081979,0.10526915147081979,0.8441885570349047,0.4743046280703792,0.20580752697605054,0.9496570166259737,0.33093525179856115,0.008317723356279153,2346,8168,9053,433,False,0.13277667269640925,0.08647314362411496,0.3969639058522287,0.5551804486126231,1.8376794662620655
resnet18,1.0,101,temperature,1.0,chexpert,cardiomegaly,explicit_only,3371,2034,1337,0.6033817858202314,0.8197541568944989,0.8572650992956538,0.5101856503521177,1.9576061110223872,0.5430698982399444,0.5430698982399446,0.8574237954768928,0.6118175018698578,0.7706584180291648,0.7382671480144405,0.8117291133348848,0.008317723356279153,1744,818,519,290,False,0.5745931236835052,0.11209231485141158,3.2159326199148333,0.6597392925675435,4.648543315495265
resnet18,1.0,101,temperature,1.0,chexpert,pleural_effusion,uncertain_negative,20000,5642,14358,0.2821,0.8364476740250165,0.6645917973617539,0.17005814049225723,0.5078961692314862,0.12998614995529306,0.12998614995529303,0.9441687344913151,0.4488090263267865,0.40231100370062683,0.9533954727030626,0.5642111952549913,0.05597742864791057,5327,6444,7914,315,False,0.2310037580605596,0.2638295501336604,1.3311406549876579,1.2254922516289501,0.9734448696287249
resnet18,1.0,101,temperature,1.0,chexpert,pleural_effusion,uncertain_positive,20000,6709,13291,0.33545,0.8170639051308668,0.6964111056025912,0.20601902406413625,0.6173115893913926,0.18333614995529307,0.18333614995529307,0.9131018035474735,0.4646753442178918,0.46265387810588327,0.9137446367805888,0.6141353383458646,0.05597742864791057,6126,6176,7115,583,False,0.2722617173839193,0.24330520631504537,1.4281376125359582,1.0722237532804229,1.3023766979084723
resnet18,1.0,101,temperature,1.0,chexpert,pleural_effusion,explicit_only,9850,5642,4208,0.5727918781725888,0.9171695125370153,0.9326059127652311,0.31746770077303893,0.8883984623304886,0.3888955434183258,0.3888955434183258,0.9441687344913151,0.6506653992395437,0.7837281153450052,0.8968227972486079,0.8564997186268992,0.05597742864791057,5327,2738,1470,315,False,0.45580888805635555,0.30350699801670455,3.8148647667310365,1.6451758611621285,2.4487999705470482
resnet18,1.0,101,temperature,1.0,vinbig,cardiomegaly,unanimous_only,13995,1297,12698,0.09267595569846374,0.8774879160056895,0.45639430074007103,0.07677418925725178,0.2830358146006309,0.06715917531195134,0.06717165572840109,0.9244410177332305,0.6397070404788155,0.20765500519570487,0.9880793090864858,0.339131664545326,0.008317723356279153,1199,8123,4575,98,False,0.08875592594666386,0.13499646994401548,1.529123796267378,0.9506461051158017,1.6850367822285646
resnet18,1.0,101,temperature,1.0,vinbig,pleural_effusion,unanimous_only,14405,439,13966,0.030475529330093717,0.9405606587035159,0.6453697942463266,0.02067279826101049,0.09720011387010954,0.04520226080800181,0.036664091882878905,0.9453302961275627,0.6747100100243448,0.0837031060911658,0.997459510955859,0.15378914211599037,0.05597742864791057,415,9423,4543,24,False,0.036411214936643586,0.4322409099234489,0.794527429484545,2.146636092731027,-0.910472167643801
resnet18,1.0,ensemble,ensemble_temperature,1.0,chexpert,cardiomegaly,uncertain_negative,20000,2034,17966,0.1017,0.7836566442392935,0.32882218441370203,0.08964673570519992,0.3623318197049922,0.07648508708750214,0.07648508708750214,0.7413962635201573,0.6805076255148614,0.20805739514348787,0.9587515683814304,0.32492997198879553,0.015385527163743973,1508,12226,5740,526,False,0.09734054773307692,0.07904015548561161,0.7317248890806428,0.7042477366924237,1.7371605821875546
resnet18,1.0,ensemble,ensemble_temperature,1.0,chexpert,cardiomegaly,uncertain_positive,20000,2779,17221,0.13895,0.7736277972539073,0.3866495692148459,0.12336859387996849,0.5032046812431783,0.11373508708750214,0.11373508708750214,0.7074487225620727,0.6932814586841647,0.27124724061810157,0.936245294855709,0.3921412187094844,0.015385527163743973,1966,11939,5282,813,False,0.13277667269640925,0.07085641344509452,1.0254968511203284,0.673331386400808,2.1948501372927294
resnet18,1.0,ensemble,ensemble_temperature,1.0,chexpert,cardiomegaly,explicit_only,3371,2034,1337,0.6033817858202314,0.8432603114297039,0.8778902502632137,0.5231074488329234,2.045038473683979,0.5533456583366926,0.5533456583366926,0.7413962635201573,0.7868362004487659,0.8410485220301172,0.6666666666666666,0.7880846616148419,0.015385527163743973,1508,1052,285,526,False,0.5745931236835052,0.08960370865652922,3.989622673276491,0.8058644517473608,4.855764463195457
resnet18,1.0,ensemble,ensemble_temperature,1.0,chexpert,pleural_effusion,uncertain_negative,20000,5642,14358,0.2821,0.8513564292718546,0.6941096539071565,0.16911011723921116,0.5020189234396492,0.1344544540414412,0.1344544540414412,0.9537398085785183,0.44219250592004455,0.4018670649738611,0.9605143721633888,0.5654686843211434,0.056275270879268646,5381,6349,8009,261,False,0.2310037580605596,0.26793348013465,1.6653796464639539,1.4031134118737303,1.0051542548786196
resnet18,1.0,ensemble,ensemble_temperature,1.0,chexpert,pleural_effusion,uncertain_positive,20000,6709,13291,0.33545,0.8309977728998917,0.7223562689000878,0.2057169843346434,0.6113333389572216,0.1878044540414412,0.1878044540414412,0.9245789238336563,0.459258144609134,0.4632561613144137,0.9234493192133132,0.617244639036768,0.056275270879268646,6203,6104,7187,506,False,0.2722617173839193,0.2444145790626907,1.742404364321746,1.2318400436391759,1.3279962453435632
resnet18,1.0,ensemble,ensemble_temperature,1.0,chexpert,pleural_effusion,explicit_only,9850,5642,4208,0.5727918781725888,0.9279183537240387,0.9430595069323927,0.319120050728308,0.8854579805790045,0.39151381136699426,0.39151381136699426,0.9537398085785183,0.6490019011406845,0.7846310877806941,0.9127673796791443,0.86096,0.056275270879268646,5381,2731,1477,261,False,0.45580888805635555,0.29988190425796946,4.333582885515921,1.8974816503225835,2.4244368004395866
resnet18,1.0,ensemble,ensemble_temperature,1.0,vinbig,cardiomegaly,unanimous_only,13995,1297,12698,0.09267595569846374,0.9156646309200884,0.5579034131022931,0.0733357380511301,0.2518084516908912,0.06537469422273613,0.06567232363692854,0.9329221279876638,0.7346038746259254,0.26419213973799127,0.9907594264471588,0.4117747149906415,0.015385527163743973,1210,9328,3370,87,False,0.08875592594666386,0.17373699537313392,2.33876914628645,1.246811758779541,1.6007793350925854
resnet18,1.0,ensemble,ensemble_temperature,1.0,vinbig,pleural_effusion,unanimous_only,14405,439,13966,0.030475529330093717,0.9474834262316847,0.6992231006903467,0.01968436957211203,0.09639558290810135,0.05027556629350079,0.041310647946043104,0.9544419134396356,0.6491479306888157,0.07877420567775897,0.9977988113581334,0.1455366446682876,0.056275270879268646,419,9066,4900,20,False,0.036411214936643586,0.45938718039583903,0.9768430653400224,2.3458632330674316,-0.966635845592545
densenet121,1.0,17,raw,1.0,chexpert,cardiomegaly,uncertain_negative,20000,2034,17966,0.1017,0.7968700520408318,0.35024712190461427,0.08556445796183171,0.3418469182885265,0.06792709882306758,0.06787781111272552,0.8888888888888888,0.46526772793053545,0.1583880858519492,0.9736750145602796,0.26886757379730836,0.005730246514992078,1808,8359,9607,226,False,0.09734054773307692,0.12097825670281925,0.297310452063357,0.6165286857391657,1.459291224095399
densenet121,1.0,17,raw,1.0,chexpert,cardiomegaly,uncertain_positive,20000,2779,17221,0.13895,0.7897701156894834,0.4192737264511248,0.11730264139543906,0.4713358831322765,0.10512781111272554,0.10512781111272552,0.8751349406261245,0.47836943266941523,0.21305300043802014,0.9595806639487479,0.3426800056361843,0.005730246514992078,2432,8238,8983,347,False,0.13277667269640925,0.11654179146627064,0.640321942959993,0.5966322929946782,1.947847077364906
densenet121,1.0,17,raw,1.0,chexpert,cardiomegaly,explicit_only,3371,2034,1337,0.6033817858202314,0.8472348166436106,0.8786800102315158,0.4911962997516108,1.8896618682443007,0.5312100187816001,0.5312100187816002,0.8888888888888888,0.612565445026178,0.7773000859845228,0.783732057416268,0.8293577981651377,0.005730246514992078,1808,819,518,226,False,0.5745931236835052,0.14514065778801544,3.102075157266768,0.6100064187731246,4.757969054693177
densenet121,1.0,17,raw,1.0,chexpert,pleural_effusion,uncertain_negative,20000,5642,14358,0.2821,0.8578182485951112,0.7091060861929651,0.15031196332989225,0.4632897794812226,0.10754309885160501,0.10754309885160496,0.9503722084367245,0.45563448948321494,0.40689027166489605,0.9589563177953679,0.5698193411264613,0.04336579876390677,5362,6542,7816,280,False,0.2310037580605596,0.34930944590742674,0.9284448157137298,1.0562024899617746,0.8523891679112486
densenet121,1.0,17,raw,1.0,chexpert,pleural_effusion,uncertain_positive,20000,6709,13291,0.33545,0.8378399974098714,0.7376103970674961,0.18323139487335258,0.5738825697033905,0.16089309885160502,0.160893098851605,0.9218959606498733,0.4738544879993981,0.469342844134163,0.9231896804456171,0.6220143812540856,0.04336579876390677,6185,6298,6993,524,False,0.2722617173839193,0.32700272137424324,1.0619809483376899,0.8976089996703179,1.222622977758863
densenet121,1.0,17,raw,1.0,chexpert,pleural_effusion,explicit_only,9850,5642,4208,0.5727918781725888,0.9300699626174145,0.9461772778144715,0.26881969987831467,0.7835467864310771,0.35018884409324946,0.3501888440932495,0.9503722084367245,0.6561311787072244,0.7874871493611396,0.9079250246629398,0.8612962814231788,0.04336579876390677,5362,2761,1447,280,False,0.45580888805635555,0.41023594115374473,3.1301909254260445,1.3282463215137996,2.4514880830165913
densenet121,1.0,17,raw,1.0,vinbig,cardiomegaly,unanimous_only,13995,1297,12698,0.09267595569846374,0.8818441104925733,0.4426754515302855,0.07825743624844612,0.2936288713460899,0.07011701800398337,0.07016494116490903,0.9537393986121819,0.6359269176248228,0.21109215017064847,0.9926244622003688,0.3456755623864748,0.005730246514992078,1237,8075,4623,60,False,0.08875592594666386,0.11828494363887987,1.421272933693751,0.8624756025035811,1.8678644390535741
densenet121,1.0,17,raw,1.0,vinbig,pleural_effusion,unanimous_only,14405,439,13966,0.030475529330093717,0.9612570326177763,0.7671446339239257,0.01874886937997481,0.09210329931688026,0.053170141187067116,0.04319208967257036,0.979498861047836,0.5847773163396821,0.06903194734307272,0.9988992172211351,0.1289742051589682,0.04336579876390677,430,8167,5799,9,False,0.036411214936643586,0.4850798191546669,0.35094296812204295,2.350415169754812,-1.098315116123661
densenet121,1.0,17,temperature,1.0,chexpert,cardiomegaly,uncertain_negative,20000,2034,17966,0.1017,0.7968700520408318,0.35024712190461427,0.08382927043139392,0.31863364956199713,0.05999384417150003,0.05999384417150004,0.8888888888888888,0.46526772793053545,0.1583880858519492,0.9736750145602796,0.26886757379730836,0.009788197226261942,1808,8359,9607,226,False,0.09734054773307692,0.13880420458217524,0.29732831878403,0.6885756396664268,1.1566032183261035
densenet121,1.0,17,temperature,1.0,chexpert,cardiomegaly,uncertain_positive,20000,2779,17221,0.13895,0.7897701156894834,0.4192737264511248,0.11459415287929506,0.43457393300363384,0.0972438441715,0.09724384417150002,0.8751349406261245,0.47836943266941523,0.21305300043802014,0.9595806639487479,0.3426800056361843,0.009788197226261942,2432,8238,8983,347,False,0.13277667269640925,0.13694061952198555,0.6403729223468688,0.6663681484823446,1.6216388040318948
densenet121,1.0,17,temperature,1.0,chexpert,cardiomegaly,explicit_only,3371,2034,1337,0.6033817858202314,0.8472348166436106,0.8786800102315158,0.47599633039638317,1.7132774871026255,0.5202173522357053,0.5202173522357053,0.8888888888888888,0.612565445026178,0.7773000859845228,0.783732057416268,0.8293577981651377,0.009788197226261942,1808,819,518,226,False,0.5745931236835052,0.17159410585190138,3.1020749903806095,0.6812911658200722,4.3139829201701385
densenet121,1.0,17,temperature,1.0,chexpert,pleural_effusion,uncertain_negative,20000,5642,14358,0.2821,0.8578182485951112,0.7091060861929651,0.14801832341644913,0.4519869132687327,0.09415870331731116,0.09415870331731116,0.9503722084367245,0.45563448948321494,0.40689027166489605,0.9589563177953679,0.5698193411264613,0.05987707228693095,5362,6542,7816,280,False,0.2310037580605596,0.3592384614901162,0.9284370435545731,1.186615198440349,0.6995911411836411
densenet121,1.0,17,temperature,1.0,chexpert,pleural_effusion,uncertain_positive,20000,6709,13291,0.33545,0.8378399974098714,0.7376103970674961,0.1792656766319752,0.5504244870240109,0.1475087033173112,0.1475087033173112,0.9218959606498733,0.4738544879993981,0.469342844134163,0.9231896804456171,0.6220143812540856,0.05987707228693095,6185,6298,6993,524,False,0.2722617173839193,0.3415685526614428,1.0619978052879888,1.0084550073550387,1.050016410181594
densenet121,1.0,17,temperature,1.0,chexpert,pleural_effusion,explicit_only,9850,5642,4208,0.5727918781725888,0.9300699626174145,0.9461772778144715,0.2595765729020449,0.7416758328107458,0.3391343476588692,0.3391343476588692,0.9503722084367245,0.6561311787072244,0.7874871493611396,0.9079250246629398,0.8612962814231788,0.05987707228693095,5362,2761,1447,280,False,0.45580888805635555,0.430514455282076,3.130103246200404,1.4922278703052103,2.2224220358304274
densenet121,1.0,17,temperature,1.0,vinbig,cardiomegaly,unanimous_only,13995,1297,12698,0.09267595569846374,0.8818441104925733,0.4426754515302855,0.07631894638685277,0.27185125476239974,0.06424566600515787,0.06439368751279077,0.9537393986121819,0.6359269176248228,0.21109215017064847,0.9926244622003688,0.3456755623864748,0.009788197226261942,1237,8075,4623,60,False,0.08875592594666386,0.14012562459530697,1.4212791104223916,0.9632624856498724,1.5297044188100017
densenet121,1.0,17,temperature,1.0,vinbig,pleural_effusion,unanimous_only,14405,439,13966,0.030475529330093717,0.9612570326177763,0.7671446339239257,0.021173935038058263,0.10593628937686228,0.0663660574849149,0.05647092561027107,0.979498861047836,0.5847773163396821,0.06903194734307272,0.9988992172211351,0.1289742051589682,0.05987707228693095,430,8167,5799,9,False,0.036411214936643586,0.4184776565434185,0.3512291465615315,2.640583522593765,-1.2709626854151816
densenet121,1.0,43,raw,1.0,chexpert,cardiomegaly,uncertain_negative,20000,2034,17966,0.1017,0.7857324405292593,0.34668419261635686,0.08302689516886047,0.35408890694492773,0.05876988228141547,0.05825748656877058,0.7404129793510325,0.6766670377379495,0.20587833219412166,0.9583760346866378,0.32217349449138943,0.012970386437368456,1506,12157,5809,528,False,0.09734054773307692,0.14704717507309217,-0.19440770018135123,0.46647612251328385,1.300652843075731
densenet121,1.0,43,raw,1.0,chexpert,cardiomegaly,uncertain_positive,20000,2779,17221,0.13895,0.7784540344319227,0.4088700429413933,0.11311974263274371,0.48898077858799416,0.09550748656877059,0.09550748656877059,0.7146455559553796,0.6905522327390976,0.27149692412850307,0.9374852187623177,0.3935010897562909,0.012970386437368456,1986,11892,5329,793,False,0.13277667269640925,0.14804505689497616,0.15619109412187773,0.4499498923154423,1.8670535792393452
densenet121,1.0,43,raw,1.0,chexpert,cardiomegaly,explicit_only,3371,2034,1337,0.6033817858202314,0.834225790580329,0.8760412428113661,0.45833133854197083,1.9184531148058723,0.5038953131757389,0.5038953131757389,0.7404129793510325,0.7614061331338818,0.8252054794520548,0.6584734799482536,0.7805130862917854,0.012970386437368456,1506,1018,319,528,False,0.5745931236835052,0.20233758523983514,2.6973760200706858,0.4890243668564787,5.102672160085046
densenet121,1.0,43,raw,1.0,chexpert,pleural_effusion,uncertain_negative,20000,5642,14358,0.2821,0.8528550312095733,0.7018389176384972,0.14703615210697468,0.4547749084800378,0.09458121517365997,0.09458121517365994,0.9296348812477845,0.5098899568184984,0.42704771209900666,0.948561803576056,0.5852488283865208,0.06164962595497456,5245,7321,7037,397,False,0.2310037580605596,0.36349021617030186,0.8049159588545066,1.0351555889373478,0.7575629395477735
densenet121,1.0,43,raw,1.0,chexpert,pleural_effusion,uncertain_positive,20000,6709,13291,0.33545,0.8332596439364979,0.731967029355761,0.17856528843914649,0.5567359855979578,0.14793121517365995,0.14793121517365995,0.896407810403935,0.528402678504251,0.4896596645497476,0.9099507644467478,0.6333526407245538,0.06164962595497456,6014,7023,6268,695,False,0.2722617173839193,0.3441410340207707,1.013454784815685,0.9247830255575453,1.1312186132081627
densenet121,1.0,43,raw,1.0,chexpert,pleural_effusion,explicit_only,9850,5642,4208,0.5727918781725888,0.9216593441974438,0.9380432808770044,0.2574004270045414,0.7539634643431626,0.3306053250265462,0.33060532502654627,0.9296348812477845,0.6951045627376425,0.8034620098039216,0.8804936785069235,0.8619556285949055,0.06164962595497456,5245,2925,1283,397,False,0.45580888805635555,0.435288705970304,3.05746441868016,1.36468451558961,2.3070639086855596
densenet121,1.0,43,raw,1.0,vinbig,cardiomegaly,unanimous_only,13995,1297,12698,0.09267595569846374,0.8828673776539218,0.47534402965969397,0.07278668221597447,0.27173446694386516,0.06174052687682512,0.06181509724125821,0.851195065535852,0.7485430776500236,0.2569234349546195,0.9800989894823675,0.3947086163746872,0.012970386437368456,1104,9505,3193,193,False,0.08875592594666386,0.17992312693899215,0.9980144579798187,0.7991418749090902,1.5917855277589636
densenet121,1.0,43,raw,1.0,vinbig,pleural_effusion,unanimous_only,14405,439,13966,0.030475529330093717,0.949273732465144,0.7154498409482067,0.018932097579585146,0.08988212649650704,0.04576863809258856,0.03939764139962011,0.9453302961275627,0.7263353859372762,0.09794666037290536,0.997639653815893,0.1775021385799829,0.06164962595497456,415,10144,3822,24,False,0.036411214936643586,0.4800476278386353,-0.14165433820805792,1.8477415626816138,-1.0770063907699186
densenet121,1.0,43,temperature,1.0,chexpert,cardiomegaly,uncertain_negative,20000,2034,17966,0.1017,0.7857324405292593,0.34668419261635686,0.08329591860606694,0.3602129708339951,0.06026122413373317,0.059627037453535536,0.7404129793510325,0.6766670377379495,0.20587833219412166,0.9583760346866378,0.32217349449138943,0.011645495012631948,1506,12157,5809,528,False,0.09734054773307692,0.14428344049925168,-0.19441217895737808,0.45501718129262714,1.3626126618560888
densenet121,1.0,43,temperature,1.0,chexpert,cardiomegaly,uncertain_positive,20000,2779,17221,0.13895,0.7784540344319227,0.4088700429413933,0.11355975594616245,0.498501738542391,0.09697311399745887,0.09687703745353554,0.7146455559553796,0.6905522327390976,0.27149692412850307,0.9374852187623177,0.3935010897562909,0.011645495012631948,1986,11892,5329,793,False,0.13277667269640925,0.14473112151398626,0.15619506071077777,0.4388988097993622,1.937827908603635
densenet121,1.0,43,temperature,1.0,chexpert,cardiomegaly,explicit_only,3371,2034,1337,0.6033817858202314,0.834225790580329,0.8760412428113661,0.4609232373106857,1.961610837502849,0.5057470098426528,0.5057470098426526,0.7404129793510325,0.7614061331338818,0.8252054794520548,0.6584734799482536,0.7805130862917854,0.011645495012631948,1506,1018,319,528,False,0.5745931236835052,0.1978267432859685,2.697390068085816,0.4770154630395412,5.222456512563482
densenet121,1.0,43,temperature,1.0,chexpert,pleural_effusion,uncertain_negative,20000,5642,14358,0.2821,0.8528550312095733,0.7018389176384972,0.14661400994682605,0.4525726005679577,0.09216469198225419,0.09216469198225417,0.9296348812477845,0.5098899568184984,0.42704771209900666,0.948561803576056,0.5852488283865208,0.06520156271800717,5245,7321,7037,397,False,0.2310037580605596,0.3653176416792754,0.804793852528842,1.058354322049246,0.7277850064767872
densenet121,1.0,43,temperature,1.0,chexpert,pleural_effusion,uncertain_positive,20000,6709,13291,0.33545,0.8332596439364979,0.731967029355761,0.17784560534333965,0.5522938924912831,0.14551469198225417,0.1455146919822542,0.896407810403935,0.528402678504251,0.4896596645497476,0.9099507644467478,0.6333526407245538,0.06520156271800717,6014,7023,6268,695,False,0.2722617173839193,0.34678438433355807,1.0134451807073173,0.9455496722745178,1.096993750926003
densenet121,1.0,43,temperature,1.0,chexpert,pleural_effusion,explicit_only,9850,5642,4208,0.5727918781725888,0.9216593441974438,0.9380432808770044,0.25580192947555364,0.7460854870599533,0.32874085283879145,0.32874085283879145,0.9296348812477845,0.6951045627376425,0.8034620098039216,0.8804936785069235,0.8619556285949055,0.06520156271800717,5245,2925,1283,397,False,0.45580888805635555,0.43879565278699295,3.0579132992236318,1.3955113022313668,2.262044288128296
densenet121,1.0,43,temperature,1.0,vinbig,cardiomegaly,unanimous_only,13995,1297,12698,0.09267595569846374,0.8828673776539218,0.47534402965969397,0.07315032386591705,0.27637791822991215,0.06294196406770317,0.06300284499162241,0.851195065535852,0.7485430776500236,0.2569234349546195,0.9800989894823675,0.3947086163746872,0.011645495012631948,1104,9505,3193,193,False,0.08875592594666386,0.17582602980362905,0.9980160771126835,0.7795105153127257,1.6634447325781148
densenet121,1.0,43,temperature,1.0,vinbig,pleural_effusion,unanimous_only,14405,439,13966,0.030475529330093717,0.949273732465144,0.7154498409482067,0.01928342658217966,0.09205771790675668,0.04810445793992038,0.04160652354556569,0.9453302961275627,0.7263353859372762,0.09794666037290536,0.997639653815893,0.1775021385799829,0.06520156271800717,415,10144,3822,24,False,0.036411214936643586,0.4703987050217,-0.14165144819200684,1.8892416278562494,-1.108876306225835
densenet121,1.0,101,raw,1.0,chexpert,cardiomegaly,uncertain_negative,20000,2034,17966,0.1017,0.7929068273941677,0.3506493047728407,0.08557782898933128,0.3558920841735841,0.06886286855060722,0.06886286855060723,0.7856440511307768,0.6434932650562173,0.19967512182931402,0.9636575810619321,0.3184218391949786,0.011331753531361455,1598,11561,6405,436,False,0.09734054773307692,0.12084089331406744,0.12980435716802624,0.5417474698295688,1.5419299163640263
densenet121,1.0,101,raw,1.0,chexpert,cardiomegaly,uncertain_positive,20000,2779,17221,0.13895,0.7820879108181076,0.4136591749611319,0.1175789082148913,0.4972259434265137,0.10611286855060723,0.10611286855060723,0.7567470313062252,0.6573950409383892,0.26277645882793954,0.9436525798116195,0.3900946021146355,0.011331753531361455,2103,11321,5900,676,False,0.13277667269640925,0.1144611035423917,0.41849893485539047,0.508584592417325,2.05201283912341
densenet121,1.0,101,raw,1.0,chexpert,cardiomegaly,explicit_only,3371,2034,1337,0.6033817858202314,0.8358040462474507,0.8782758675506014,0.4905436605062965,1.978587084498301,0.5306762728857249,0.530676272885725,0.7856440511307768,0.7180254300673149,0.8091139240506329,0.6876790830945558,0.7972062858568222,0.011331753531361455,1598,960,377,436,False,0.5745931236835052,0.14627648628719836,2.8141641966376763,0.5189228137070727,4.955451050791644
densenet121,1.0,101,raw,1.0,chexpert,pleural_effusion,uncertain_negative,20000,5642,14358,0.2821,0.8461518031416122,0.6966650775653069,0.17430574818723504,0.5449691352202033,0.1577653420907321,0.1577653420907321,0.9177596596951436,0.5229837024655244,0.4305313045647294,0.9418035871064844,0.5861112683230517,0.03690806619720511,5178,7509,6849,464,False,0.2310037580605596,0.2454419371760207,1.3746009645891133,0.9916932677093475,1.3909207987554488
densenet121,1.0,101,raw,1.0,chexpert,pleural_effusion,uncertain_positive,20000,6709,13291,0.33545,0.8248322273269801,0.7234980180078567,0.21393745718132087,0.6852334174467658,0.21111534209073207,0.2111153420907321,0.8815024593829185,0.5400647054397713,0.49172694770100606,0.9002884735983946,0.6312980358667806,0.03690806619720511,5914,7178,6113,795,False,0.2722617173839193,0.2142213042767035,1.4675307698254503,0.8643704962598682,1.7629888320603044
densenet121,1.0,101,raw,1.0,chexpert,pleural_effusion,explicit_only,9850,5642,4208,0.5727918781725888,0.9159167081691766,0.934097850731572,0.3355053284979717,1.0070809662444946,0.40755403121755757,0.40755403121755773,0.9177596596951436,0.7074619771863118,0.8079263535652988,0.8651554780587039,0.8593477719691311,0.03690806619720511,5178,2977,1231,464,False,0.45580888805635555,0.26393421170740683,3.642686941879161,1.2534941308281127,2.968732244346794
densenet121,1.0,101,raw,1.0,vinbig,cardiomegaly,unanimous_only,13995,1297,12698,0.09267595569846374,0.8812323057207145,0.43891270915321823,0.0760808220912158,0.28281266019329165,0.06567660336375862,0.06568126666077523,0.8851195065535852,0.7327138131989289,0.2527520915896081,0.9842378081032477,0.39321801678369583,0.011331753531361455,1148,9304,3394,149,False,0.08875592594666386,0.14280853610906963,1.0433571192752948,0.7840233159379248,1.695168258633752
densenet121,1.0,101,raw,1.0,vinbig,pleural_effusion,unanimous_only,14405,439,13966,0.030475529330093717,0.9596821861879338,0.7523771430702538,0.01613117446527423,0.06973716780318456,0.026276336850120544,0.02126542694345905,0.9567198177676538,0.7582700844909065,0.11064278187565858,0.9982090677726458,0.19834710743801653,0.03690806619720511,420,10590,3376,19,False,0.036411214936643586,0.5569723643294278,1.308721997722568,2.0053963054945028,-0.3956613470947232
densenet121,1.0,101,temperature,1.0,chexpert,cardiomegaly,uncertain_negative,20000,2034,17966,0.1017,0.7929068273941677,0.3506493047728407,0.08604447801399959,0.36395411450040777,0.07065960757138054,0.07065960757138054,0.7856440511307768,0.6434932650562173,0.19967512182931402,0.9636575810619321,0.3184218391949786,0.009860005828423904,1598,11561,6405,436,False,0.09734054773307692,0.1160469093522355,0.12999213239640692,0.5252862309480052,1.6309943096448274
densenet121,1.0,101,temperature,1.0,chexpert,cardiomegaly,uncertain_positive,20000,2779,17221,0.13895,0.7820879108181076,0.4136591749611319,0.11827750992604336,0.5097350551123255,0.10790960757138053,0.10790960757138054,0.7567470313062252,0.6573950409383892,0.26277645882793954,0.9436525798116195,0.3900946021146355,0.009860005828423904,2103,11321,5900,676,False,0.13277667269640925,0.10919962427073227,0.41872008836462576,0.4931297967336013,2.1491913895870316
densenet121,1.0,101,temperature,1.0,chexpert,cardiomegaly,explicit_only,3371,2034,1337,0.6033817858202314,0.8358040462474507,0.8782758675506014,0.49438948445391506,2.034987566372478,0.5333935550906284,0.5333935550906284,0.7856440511307768,0.7180254300673149,0.8091139240506329,0.6876790830945558,0.7972062858568222,0.009860005828423904,1598,960,377,436,False,0.5745931236835052,0.1395833606838769,2.815047010876796,0.5032918490161833,5.095443533694499
densenet121,1.0,101,temperature,1.0,chexpert,pleural_effusion,uncertain_negative,20000,5642,14358,0.2821,0.8461518031416122,0.6966650775653069,0.16679795322062996,0.5061983985263128,0.13581946719767468,0.13581946719767468,0.9177596596951436,0.5229837024655244,0.4305313045647294,0.9418035871064844,0.5861112683230517,0.06112186192082524,5178,7509,6849,464,False,0.2310037580605596,0.2779426853440953,1.3746157671331027,1.1840583448942763,1.0666541507549372
densenet121,1.0,101,temperature,1.0,chexpert,pleural_effusion,uncertain_positive,20000,6709,13291,0.33545,0.8248322273269801,0.7234980180078567,0.20372926220802023,0.6236751804483621,0.18916946719767466,0.1891694671976747,0.8815024593829185,0.5400647054397713,0.49172694770100606,0.9002884735983946,0.6312980358667806,0.06112186192082524,5914,7178,6113,795,False,0.2722617173839193,0.2517153562182989,1.4674922894253677,1.032024840000024,1.4083056682240154
densenet121,1.0,101,temperature,1.0,chexpert,pleural_effusion,explicit_only,9850,5642,4208,0.5727918781725888,0.9159167081691766,0.934097850731572,0.3146120452861754,0.900720829250292,0.3872326494925551,0.3872326494925551,0.9177596596951436,0.7074619771863118,0.8079263535652988,0.8651554780587039,0.8593477719691311,0.06112186192082524,5178,2977,1231,464,False,0.45580888805635555,0.3097720261056488,3.6424453812597637,1.496545171480864,2.5368458819678
densenet121,1.0,101,temperature,1.0,vinbig,cardiomegaly,unanimous_only,13995,1297,12698,0.09267595569846374,0.8812323057207145,0.43891270915321823,0.07659011624813461,0.2891304228120404,0.06717112126549583,0.06717450448704125,0.8851195065535852,0.7327138131989289,0.2527520915896081,0.9842378081032477,0.39321801678369583,0.009860005828423904,1148,9304,3394,149,False,0.08875592594666386,0.13707039354014572,1.0433599386908157,0.7601072738068311,1.786425489607644
densenet121,1.0,101,temperature,1.0,vinbig,pleural_effusion,unanimous_only,14405,439,13966,0.030475529330093717,0.9596821861879338,0.7523771430702538,0.01757342607477984,0.08236713139546205,0.04174151733601484,0.033097535874375986,0.9567198177676538,0.7582700844909065,0.11064278187565858,0.9982090677726458,0.19834710743801653,0.06112186192082524,420,10590,3376,19,False,0.036411214936643586,0.5173622713398045,1.3087190036790388,2.3945366843633,-0.7490256081189866
densenet121,1.0,ensemble,ensemble_temperature,1.0,chexpert,cardiomegaly,uncertain_negative,20000,2034,17966,0.1017,0.8066291173177436,0.37222494181823107,0.08426995749121341,0.3374261654872704,0.06738845667927225,0.06738845667927226,0.783677482792527,0.6733830568852277,0.2136156526400429,0.9649066836816079,0.33572030328559394,0.014283149503171444,1594,12098,5868,440,False,0.09734054773307692,0.13427693336701907,0.3482506344419978,0.6230675274702947,1.484289208059814
densenet121,1.0,ensemble,ensemble_temperature,1.0,chexpert,cardiomegaly,uncertain_positive,20000,2779,17221,0.13895,0.7985469634752034,0.43811616486743754,0.11585496480386825,0.46830649486844406,0.10463845667927225,0.10463845667927225,0.7542281396185678,0.6884036931653215,0.28088984186545163,0.945525602169405,0.40933502587637927,0.014283149503171444,2096,11855,5366,683,False,0.13277667269640925,0.12744488582894442,0.6899206033299162,0.6005235527680851,1.9903777797791944
densenet121,1.0,ensemble,ensemble_temperature,1.0,chexpert,cardiomegaly,explicit_only,3371,2034,1337,0.6033817858202314,0.8516901161922708,0.8879388471349587,0.48231890785940496,1.8653066492407901,0.5254215649238853,0.5254215649238853,0.783677482792527,0.7569184741959611,0.8306409588327254,0.696969696969697,0.8064760941057425,0.014283149503171444,1594,1012,325,440,False,0.5745931236835052,0.1605905327104582,3.134202154836381,0.6165721041773474,4.784103773748519
densenet121,1.0,ensemble,ensemble_temperature,1.0,chexpert,pleural_effusion,uncertain_negative,20000,5642,14358,0.2821,0.8665257642482882,0.7246181598522502,0.15274808868942108,0.4625759703446252,0.11706504188891195,0.11706504188891195,0.9383197447713577,0.5243766541301017,0.4366905881382496,0.9558207439380475,0.5960033774275261,0.06235053017735481,5294,7529,6829,348,False,0.2310037580605596,0.3387636202464859,1.2759251603844382,1.2434480283314813,0.9154304419639205
densenet121,1.0,ensemble,ensemble_temperature,1.0,chexpert,pleural_effusion,uncertain_positive,20000,6709,13291,0.33545,0.8458004316484687,0.7507888713548039,0.18707818131702278,0.5709746080359029,0.17041504188891193,0.17041504188891193,0.9037114324042331,0.5440523662628847,0.5001237317495669,0.9179890821378698,0.6439039932030586,0.06235053017735481,6063,7231,6060,646,False,0.2722617173839193,0.31287371902814476,1.406362728051199,1.081865517751021,1.2688995708251833
densenet121,1.0,ensemble,ensemble_temperature,1.0,chexpert,pleural_effusion,explicit_only,9850,5642,4208,0.5727918781725888,0.9355454929285113,0.949063792848266,0.28024819659718303,0.7963822603288824,0.36031267465528355,0.36031267465528355,0.9383197447713577,0.7312262357414449,0.8239688715953307,0.8983941605839416,0.8774343250186459,0.06235053017735481,5294,3077,1131,348,False,0.45580888805635555,0.3851629401256135,3.708134013212059,1.616088800688739,2.409145103746455
densenet121,1.0,ensemble,ensemble_temperature,1.0,vinbig,cardiomegaly,unanimous_only,13995,1297,12698,0.09267595569846374,0.8967302568790695,0.488471746161284,0.07573154851216045,0.2748933910094713,0.06777174610949531,0.06786554394039322,0.8858905165767155,0.7678374547172783,0.2804491091042226,0.9850474843402708,0.42602892102335926,0.014283149503171444,1149,9750,2948,148,False,0.08875592594666386,0.14674375029708053,1.6187204075367077,0.9516642672314527,1.7696821012620711
densenet121,1.0,ensemble,ensemble_temperature,1.0,vinbig,pleural_effusion,unanimous_only,14405,439,13966,0.030475529330093717,0.9658294778369988,0.7820357087546502,0.016755081512311965,0.08373644711974285,0.04773637873914582,0.03627346881457148,0.9635535307517085,0.7275526278103966,0.1000473036896878,0.9984278274540631,0.1812727662309835,0.06235053017735481,423,10161,3805,16,False,0.036411214936643586,0.539837340185813,0.9728551480523808,2.428105439910436,-0.916220154831198
deit_tiny,1.0,17,raw,1.0,chexpert,cardiomegaly,uncertain_negative,20000,2034,17966,0.1017,0.7981005528743192,0.3587485575536805,0.08090449984834899,0.3198739959467539,0.051997347111018666,0.050945623993383427,0.8190757128810227,0.6050873872870979,0.19016094053190274,0.967256873387312,0.30866141732283464,0.011597361823632971,1666,10871,7095,368,False,0.09734054773307692,0.1688509903375328,-0.0629180409607916,0.5675470949781518,1.0519966665627989
deit_tiny,1.0,17,raw,1.0,chexpert,cardiomegaly,uncertain_positive,20000,2779,17221,0.13895,0.7877230238426816,0.41236675052160277,0.11074024034965882,0.4420614845026621,0.08842992142918851,0.08819562399338342,0.7988485066570709,0.6201730445386446,0.25339573108092683,0.9502624788682267,0.3847487001733102,0.011597361823632971,2220,10680,6541,559,False,0.13277667269640925,0.1659661437452663,0.2740209285517822,0.5413643693741685,1.5948110879086386
deit_tiny,1.0,17,raw,1.0,chexpert,cardiomegaly,explicit_only,3371,2034,1337,0.6033817858202314,0.8611379546953841,0.8996976591704993,0.4376827855182941,1.6780642883704908,0.49065216914730353,0.4906521691473035,0.8190757128810227,0.7464472700074795,0.8309226932668329,0.7306002928257687,0.8249566724436742,0.011597361823632971,1666,998,339,368,False,0.5745931236835052,0.23827354091453323,3.214805080523709,0.6742601899323979,4.629498737145029
deit_tiny,1.0,17,raw,1.0,chexpert,pleural_effusion,uncertain_negative,20000,5642,14358,0.2821,0.8419697756152874,0.6793777089154258,0.15194546368131853,0.4637257649822128,0.09125532791756111,0.0912553279175611,0.9578163771712159,0.3826438222593676,0.3787496495654612,0.9584787159804605,0.5428427925665494,0.050424069043413594,5404,5494,8864,238,False,0.2310037580605596,0.3422381308554957,0.8323414271898365,1.113811578806124,0.6831229544558078
deit_tiny,1.0,17,raw,1.0,chexpert,pleural_effusion,uncertain_positive,20000,6709,13291,0.33545,0.8213564353900695,0.7094065961594767,0.18357464638623383,0.5604059000415695,0.1446053279175611,0.14460532791756112,0.9336711879564764,0.3977879768264239,0.43902439024390244,0.9223656664340544,0.5972255327263193,0.050424069043413594,6264,5287,8004,445,False,0.2722617173839193,0.32574198036305935,1.0211269484551075,0.9929155384826445,1.031733669977647
deit_tiny,1.0,17,raw,1.0,chexpert,pleural_effusion,explicit_only,9850,5642,4208,0.5727918781725888,0.9209304528569677,0.9370993547547398,0.265019670984154,0.7579489495427875,0.33752684930954036,0.33752684930954024,0.9578163771712159,0.5938688212927756,0.759735695205961,0.9130434782608695,0.8473539788318306,0.050424069043413594,5404,2499,1709,238,False,0.45580888805635555,0.418572831885219,3.2534029571189382,1.531899195684752,2.209773203706579
deit_tiny,1.0,17,raw,1.0,vinbig,cardiomegaly,unanimous_only,13995,1297,12698,0.09267595569846374,0.9043090522454316,0.5460075085331199,0.06607771661471555,0.22798029181759558,0.05039801203514679,0.05054716991715338,0.9491133384734002,0.6665616632540557,0.2252516010978957,0.9922626025791325,0.36409346347234545,0.011597361823632971,1231,8464,4234,66,False,0.08875592594666386,0.25551205837879865,1.0592460580496776,0.965641416610313,1.1431164752656786
deit_tiny,1.0,17,raw,1.0,vinbig,pleural_effusion,unanimous_only,14405,439,13966,0.030475529330093717,0.9539756819115215,0.7580078805585614,0.016488424457466837,0.08067398973461767,0.03971497294131592,0.02965665240844503,0.9544419134396356,0.7313475583560074,0.1004555262526972,0.998045729919875,0.18177874186550977,0.050424069043413594,419,10214,3752,20,False,0.036411214936643586,0.5471608270650374,0.4723257423214297,2.000477743161485,-0.8641881023830437
deit_tiny,1.0,17,temperature,1.0,chexpert,cardiomegaly,uncertain_negative,20000,2034,17966,0.1017,0.7981005528743192,0.3587485575536805,0.08134248876173492,0.3277244551213132,0.05462732709843257,0.053427847107370655,0.8190757128810227,0.6050873872870979,0.19016094053190274,0.967256873387312,0.30866141732283464,0.009700771936035853,1666,10871,7095,368,False,0.09734054773307692,0.16435143775039351,-0.06286873769110608,0.5454112388356064,1.1458327102467063
deit_tiny,1.0,17,temperature,1.0,chexpert,cardiomegaly,uncertain_positive,20000,2779,17221,0.13895,0.7877230238426816,0.41236675052160277,0.11149004471026847,0.4548730167590712,0.09124646112583394,0.09067784710737065,0.7988485066570709,0.6201730445386446,0.25339573108092683,0.9502624788682267,0.3847487001733102,0.009700771936035853,2220,10680,6541,559,False,0.13277667269640925,0.1603190346154566,0.27402466937641495,0.520246291280168,1.702069201817744
deit_tiny,1.0,17,temperature,1.0,chexpert,cardiomegaly,explicit_only,3371,2034,1337,0.6033817858202314,0.8611379546953841,0.8996976591704993,0.4420821432219941,1.7371317249679763,0.49375272395826375,0.4937527239582637,0.8190757128810227,0.7464472700074795,0.8309226932668329,0.7306002928257687,0.8249566724436742,0.009700771936035853,1666,998,339,368,False,0.5745931236835052,0.23061706623294065,3.214805591894286,0.6479520468815742,4.807183970686447
deit_tiny,1.0,17,temperature,1.0,chexpert,pleural_effusion,uncertain_negative,20000,5642,14358,0.2821,0.8419697756152874,0.6793777089154258,0.1516512804332358,0.46245539319381096,0.08942326429136939,0.08942326429136936,0.9578163771712159,0.3826438222593676,0.3787496495654612,0.9584787159804605,0.5428427925665494,0.05254406421009426,5404,5494,8864,238,False,0.2310037580605596,0.34351163069183,0.8322618315344794,1.1305162300641654,0.6634252533234478
deit_tiny,1.0,17,temperature,1.0,chexpert,pleural_effusion,uncertain_positive,20000,6709,13291,0.33545,0.8213564353900695,0.7094065961594767,0.1830610228328201,0.557705568375516,0.14277326429136936,0.14277326429136938,0.9336711879564764,0.3977879768264239,0.43902439024390244,0.9223656664340544,0.5972255327263193,0.05254406421009426,6264,5287,8004,445,False,0.2722617173839193,0.3276284870609124,1.021137419792401,1.0078433657336616,1.0095697865649835
deit_tiny,1.0,17,temperature,1.0,chexpert,pleural_effusion,explicit_only,9850,5642,4208,0.5727918781725888,0.9209304528569677,0.9370993547547398,0.2638297198781489,0.7527905615193077,0.3360575189469753,0.3360575189469752,0.9578163771712159,0.5938688212927756,0.759735695205961,0.9130434782608695,0.8473539788318306,0.05254406421009426,5404,2499,1709,238,False,0.45580888805635555,0.4211834679153308,3.2534009656642224,1.5548958118936436,2.180868594044714
deit_tiny,1.0,17,temperature,1.0,vinbig,cardiomegaly,unanimous_only,13995,1297,12698,0.09267595569846374,0.9043090522454316,0.5460075085331199,0.06662269416400028,0.2327153619937318,0.05269742149155622,0.05280817779142517,0.9491133384734002,0.6665616632540557,0.2252516010978957,0.9922626025791325,0.36409346347234545,0.009700771936035853,1231,8464,4234,66,False,0.08875592594666386,0.24937187626169444,1.05926134055136,0.9279691211830635,1.2408448366072888
deit_tiny,1.0,17,temperature,1.0,vinbig,pleural_effusion,unanimous_only,14405,439,13966,0.030475529330093717,0.9539756819115215,0.7580078805585614,0.0166753638396472,0.08205511419877165,0.04117767628815003,0.03111617424278916,0.9544419134396356,0.7313475583560074,0.1004555262526972,0.998045729919875,0.18177874186550977,0.05254406421009426,419,10214,3752,20,False,0.036411214936643586,0.5420267115870001,0.4719097382062233,2.030569501464804,-0.8899669980735171
deit_tiny,1.0,43,raw,1.0,chexpert,cardiomegaly,uncertain_negative,20000,2034,17966,0.1017,0.7958786404254687,0.3670108827932488,0.08763100290488857,0.35084306249753056,0.07511022254254981,0.07507248276041166,0.8136676499508357,0.6053100300567739,0.18922936199405443,0.9663230851252887,0.3070500927643785,0.009974920824078677,1655,10875,7091,379,False,0.09734054773307692,0.09974820415859431,0.8532043886965828,0.7426339740750998,1.7130740826615833
deit_tiny,1.0,43,raw,1.0,chexpert,cardiomegaly,uncertain_positive,20000,2779,17221,0.13895,0.7840674892548468,0.4168067931989464,0.12123390097171596,0.4913188559545619,0.11236022254254983,0.11232248276041167,0.7876934148974452,0.6192439463445792,0.25028584495769496,0.9475741958414786,0.3798698481561822,0.009974920824078677,2189,10664,6557,590,False,0.13277667269640925,0.08693373233629342,1.1368042421211453,0.7053432128755914,2.184269725825012
deit_tiny,1.0,43,raw,1.0,chexpert,cardiomegaly,explicit_only,3371,2034,1337,0.6033817858202314,0.8633163299451582,0.9021946673529155,0.5100545646468995,1.9748174856907743,0.5462296359315366,0.5462296359315366,0.8136676499508357,0.7599102468212415,0.8375506072874493,0.72831541218638,0.8254364089775561,0.009974920824078677,1655,1016,321,379,False,0.5745931236835052,0.11232045142286562,4.4346034811418455,0.909798995501376,4.847839852385535
deit_tiny,1.0,43,raw,1.0,chexpert,pleural_effusion,uncertain_negative,20000,5642,14358,0.2821,0.8495677257691465,0.6873518382287843,0.16172114150136918,0.4875800133619749,0.12151948579862626,0.1221401593547819,0.9704005671747608,0.3503273436411756,0.36985746132540703,0.9678660765826438,0.5355832721936904,0.0423245913810851,5475,5030,9328,167,False,0.2310037580605596,0.2999198677149979,1.3202352993836262,1.2335445950377903,0.9382440882888369
deit_tiny,1.0,43,raw,1.0,chexpert,pleural_effusion,uncertain_positive,20000,6709,13291,0.33545,0.8298548573641118,0.7190488558163199,0.1967125959146456,0.5930050141249144,0.17486948579862627,0.1748694857986263,0.9482784319570726,0.3649085847566022,0.4297777477538337,0.9332307100250145,0.5914838229825213,0.0423245913810851,6362,4850,8441,347,False,0.2722617173839193,0.2774871259727677,1.5318363622933084,1.1412028752224044,1.2761603674849709
deit_tiny,1.0,43,raw,1.0,chexpert,pleural_effusion,explicit_only,9850,5642,4208,0.5727918781725888,0.9265858577979118,0.9395499537307778,0.2987133494363742,0.8457150643581406,0.3705413839196165,0.3705413839196165,0.9704005671747608,0.560361216730038,0.7474402730375427,0.9338613861386139,0.8444512994524562,0.0423245913810851,5475,2358,1850,167,False,0.45580888805635555,0.3446522056422874,4.263517569495623,1.8452626344420604,2.3745065527178175
deit_tiny,1.0,43,raw,1.0,vinbig,cardiomegaly,unanimous_only,13995,1297,12698,0.09267595569846374,0.9233498667156952,0.5914049591338628,0.07527964507525763,0.26625858023463245,0.07079536669942825,0.07141093738750014,0.9521973785659213,0.7127894156560088,0.25297009422367883,0.9931965324262043,0.3997410584236932,0.009974920824078677,1235,9051,3647,62,False,0.08875592594666386,0.15183528004095792,3.0095729645159914,1.3356494222094846,1.8876952068589121
deit_tiny,1.0,43,raw,1.0,vinbig,pleural_effusion,unanimous_only,14405,439,13966,0.030475529330093717,0.9540078133129692,0.7453950033941229,0.015658654400010342,0.076297567973822,0.032520482151286216,0.02771166512891257,0.9453302961275627,0.7259057711585278,0.09780815460758897,0.9976382601850029,0.17727466894489535,0.0423245913810851,415,10138,3828,24,False,0.036411214936643586,0.5699496864563078,0.9866016849433905,1.9658691366269614,-0.6804377202383852
deit_tiny,1.0,43,temperature,1.0,chexpert,cardiomegaly,uncertain_negative,20000,2034,17966,0.1017,0.7958786404254687,0.3670108827932488,0.08596390125798985,0.3283788118796669,0.06880376526834005,0.06876268702979396,0.8136676499508357,0.6053100300567739,0.18922936199405443,0.9663230851252887,0.3070500927643785,0.015069371030128422,1655,10875,7091,379,False,0.09734054773307692,0.11687469138024187,0.8531884286825244,0.8168471595059908,1.4165179347987478
deit_tiny,1.0,43,temperature,1.0,chexpert,cardiomegaly,uncertain_positive,20000,2779,17221,0.13895,0.7840674892548468,0.4168067931989464,0.11881344049883825,0.45609078325994207,0.10605376526834004,0.10601268702979397,0.7876934148974452,0.6192439463445792,0.25028584495769496,0.9475741958414786,0.3798698481561822,0.015069371030128422,2189,10664,6557,590,False,0.13277667269640925,0.10516329347623887,1.136686082119365,0.7758071081014525,1.8685501699061822
deit_tiny,1.0,43,temperature,1.0,chexpert,cardiomegaly,explicit_only,3371,2034,1337,0.6033817858202314,0.8633163299451582,0.9021946673529155,0.49710139103942436,1.8112969822840617,0.5372958481655108,0.5372958481655108,0.8136676499508357,0.7599102468212415,0.8375506072874493,0.72831541218638,0.8254364089775561,0.015069371030128422,1655,1016,321,379,False,0.5745931236835052,0.1348636616938781,4.434610983186221,1.000728048415677,4.431598735336147
deit_tiny,1.0,43,temperature,1.0,chexpert,pleural_effusion,uncertain_negative,20000,5642,14358,0.2821,0.8495677257691465,0.6873518382287843,0.15909227926380806,0.47767247350421893,0.11032112313876521,0.11241124265191804,0.9704005671747608,0.3503273436411756,0.36985746132540703,0.9678660765826438,0.5355832721936904,0.05333722890325599,5475,5030,9328,167,False,0.2310037580605596,0.3113000385816205,1.32023523496645,1.3376870808647896,0.8079759659535186
deit_tiny,1.0,43,temperature,1.0,chexpert,pleural_effusion,uncertain_positive,20000,6709,13291,0.33545,0.8298548573641118,0.7190488558163199,0.19277173214798246,0.5748898957603024,0.1636711231387652,0.16367112313876522,0.9482784319570726,0.3649085847566022,0.4297777477538337,0.9332307100250145,0.5914838229825213,0.05333722890325599,6362,4850,8441,347,False,0.2722617173839193,0.2919616683525401,1.5318321925727798,1.2375453512134125,1.1338874597313133
deit_tiny,1.0,43,temperature,1.0,chexpert,pleural_effusion,explicit_only,9850,5642,4208,0.5727918781725888,0.9265858577979118,0.9395499537307778,0.29025871969691597,0.8107624400654576,0.3608164232486454,0.3608164232486453,0.9704005671747608,0.560361216730038,0.7474402730375427,0.9338613861386139,0.8444512994524562,0.05333722890325599,5475,2358,1850,167,False,0.45580888805635555,0.36320083415962523,4.263526582617189,2.0010549842257923,2.2044518818212944
deit_tiny,1.0,43,temperature,1.0,vinbig,cardiomegaly,unanimous_only,13995,1297,12698,0.09267595569846374,0.9233498667156952,0.5914049591338628,0.07335106895166728,0.24981100317551577,0.06558474145451869,0.06698448227415882,0.9521973785659213,0.7127894156560088,0.25297009422367883,0.9931965324262043,0.3997410584236932,0.015069371030128422,1235,9051,3647,62,False,0.08875592594666386,0.1735642643653318,3.0092559444573315,1.4690425281481176,1.5699229268796207
deit_tiny,1.0,43,temperature,1.0,vinbig,pleural_effusion,unanimous_only,14405,439,13966,0.030475529330093717,0.9540078133129692,0.7453950033941229,0.016451730546984907,0.08392549920224901,0.040989832336864616,0.034966670261165685,0.9453302961275627,0.7259057711585278,0.09780815460758897,0.9976382601850029,0.17727466894489535,0.05333722890325599,415,10138,3828,24,False,0.036411214936643586,0.5481685910340722,0.9865075557241357,2.1319444279911006,-0.8447219743226773
deit_tiny,1.0,101,raw,1.0,chexpert,cardiomegaly,uncertain_negative,20000,2034,17966,0.1017,0.7839323753783367,0.3355326078341279,0.08316919024204303,0.3358403659889516,0.056299364728587195,0.055239376190873324,0.8411996066863323,0.5357898252254258,0.17023181772957915,0.9675344255704091,0.283160943318163,0.0073743653082378275,1711,9626,8340,323,False,0.09734054773307692,0.14558534774114873,-0.1077972474710226,0.5335789605655414,1.1569782385673726
deit_tiny,1.0,101,raw,1.0,chexpert,cardiomegaly,uncertain_positive,20000,2779,17221,0.13895,0.774013382198471,0.38700839155829314,0.11394226857130398,0.46419136849139303,0.0925060473328069,0.09248937619087334,0.8200791651673264,0.5486905522327391,0.22674360760123372,0.9497436928334506,0.35526110678098205,0.0073743653082378275,2279,9449,7772,500,False,0.13277667269640925,0.14185024931427292,0.21899765229778417,0.5083559703286291,1.6924574557341958
deit_tiny,1.0,101,raw,1.0,chexpert,cardiomegaly,explicit_only,3371,2034,1337,0.6033817858202314,0.8536897793604461,0.8905073054712438,0.4565007876173608,1.7898051648021438,0.504575384862832,0.5045753848628322,0.8411996066863323,0.6918474195961107,0.8059349976448422,0.7411858974358975,0.8231898003367814,0.0073743653082378275,1711,925,412,323,False,0.5745931236835052,0.20552340638728483,3.2635395963726976,0.6570464938915518,4.818625752634543
deit_tiny,1.0,101,raw,1.0,chexpert,pleural_effusion,uncertain_negative,20000,5642,14358,0.2821,0.8417961010586679,0.6739296990844226,0.1698050933628344,0.5194251990396631,0.1409234311717382,0.14092343117173822,0.9645515774548032,0.37317175094024235,0.3768176152887412,0.9640158330334653,0.5419239195379406,0.028007520605988132,5442,5358,9000,200,False,0.2310037580605596,0.26492497443128804,1.2713746796699776,1.0531949909945821,1.1750950125474242
deit_tiny,1.0,101,raw,1.0,chexpert,pleural_effusion,uncertain_positive,20000,6709,13291,0.33545,0.8239389660472791,0.7077212218748345,0.2068530850128317,0.6397200364668024,0.1942734311717382,0.19427343117173826,0.9411238634669846,0.38845835527800765,0.43719706411854314,0.9289312702410939,0.5970403290624556,0.028007520605988132,6314,5163,8128,395,False,0.2722617173839193,0.24024175341131104,1.4580545603622401,0.9624490217877916,1.5334424144119747
deit_tiny,1.0,101,raw,1.0,chexpert,pleural_effusion,explicit_only,9850,5642,4208,0.5727918781725888,0.9211158873629742,0.9349956167097007,0.31967297750817714,0.9313441460947882,0.39212293915693147,0.3921229391569315,0.9645515774548032,0.5860266159695817,0.7575167037861915,0.9249812453113279,0.8485888039918915,0.028007520605988132,5442,2466,1742,200,False,0.45580888805635555,0.29866883712751724,3.9719483126210733,1.496589632617558,2.721950750792184
deit_tiny,1.0,101,raw,1.0,vinbig,cardiomegaly,unanimous_only,13995,1297,12698,0.09267595569846374,0.8956770552444651,0.5360723188068165,0.06976267646424972,0.2540179698117248,0.060035678868583735,0.06007584171105923,0.9313801079414032,0.6495511104110884,0.21350300459526333,0.9893246971332613,0.3473759884974838,0.0073743653082378275,1208,8248,4450,89,False,0.08875592594666386,0.2139941562192451,1.2553104367738406,0.9063363065634402,1.5252907101065736
deit_tiny,1.0,101,raw,1.0,vinbig,pleural_effusion,unanimous_only,14405,439,13966,0.030475529330093717,0.9521282078800549,0.7094075438131602,0.016400996800425546,0.06879265182048722,0.019050479952132087,0.016741291934406526,0.9384965831435079,0.7635686667621366,0.11093161012385568,0.9974745112711627,0.19841078738261497,0.028007520605988132,412,10664,3302,27,False,0.036411214936643586,0.549561945983849,1.0842360618450106,1.690669136313453,-0.24210939977784512
deit_tiny,1.0,101,temperature,1.0,chexpert,cardiomegaly,uncertain_negative,20000,2034,17966,0.1017,0.7839323753783367,0.3355326078341279,0.08254760072242594,0.3246638201620783,0.052651361307241074,0.05151598546180662,0.8411996066863323,0.5357898252254258,0.17023181772957915,0.9675344255704091,0.283160943318163,0.009599739065085777,1711,9626,8340,323,False,0.09734054773307692,0.15197106812276795,-0.10799348568377931,0.5641355765311065,1.0234806863532975
deit_tiny,1.0,101,temperature,1.0,chexpert,cardiomegaly,uncertain_positive,20000,2779,17221,0.13895,0.774013382198471,0.38700839155829314,0.1128615839276606,0.44605130025415135,0.08882827836640382,0.08876598546180663,0.8200791651673264,0.5486905522327391,0.22674360760123372,0.9497436928334506,0.35526110678098205,0.009599739065085777,2279,9449,7772,500,False,0.13277667269640925,0.14998936457975587,0.21898774451406258,0.5375138492925029,1.5421692858434237
deit_tiny,1.0,101,temperature,1.0,chexpert,cardiomegaly,explicit_only,3371,2034,1337,0.6033817858202314,0.8536897793604461,0.8905073054712438,0.4500511597495529,1.7045008947920686,0.49993432142101285,0.49993432142101285,0.8411996066863323,0.6918474195961107,0.8059349976448422,0.7411858974358975,0.8231898003367814,0.009599739065085777,1711,925,412,323,False,0.5745931236835052,0.2167480932169178,3.2635392343886864,0.694738600259941,4.571255604611409
deit_tiny,1.0,101,temperature,1.0,chexpert,pleural_effusion,uncertain_negative,20000,5642,14358,0.2821,0.8417961010586679,0.6739296990844226,0.1620373243305936,0.48543212281815395,0.11268986443566352,0.1126898644356635,0.9645515774548032,0.37317175094024235,0.3768176152887412,0.9640158330334653,0.5419239195379406,0.05382467104576401,5442,5358,9000,200,False,0.2310037580605596,0.29855113314600645,1.2713634814773223,1.3030548041172891,0.8195009869844193
deit_tiny,1.0,101,temperature,1.0,chexpert,pleural_effusion,uncertain_positive,20000,6709,13291,0.33545,0.8239389660472791,0.7077212218748345,0.1956784661846651,0.582658194823391,0.16603986443566351,0.16603986443566351,0.9411238634669846,0.38845835527800765,0.43719706411854314,0.9289312702410939,0.5970403290624556,0.05382467104576401,6314,5163,8128,395,False,0.2722617173839193,0.2812854188062851,1.4581807071111814,1.190867148579919,1.1443725245223058
deit_tiny,1.0,101,temperature,1.0,chexpert,pleural_effusion,explicit_only,9850,5642,4208,0.5727918781725888,0.9211158873629742,0.9349956167097007,0.2960897534498705,0.8255178359270062,0.3669535408173767,0.36695354081737674,0.9645515774548032,0.5860266159695817,0.7575167037861915,0.9249812453113279,0.8485888039918915,0.05382467104576401,5442,2466,1742,200,False,0.45580888805635555,0.35040811794511917,3.971950281122945,1.8516822786264528,2.2435531470695076
deit_tiny,1.0,101,temperature,1.0,vinbig,cardiomegaly,unanimous_only,13995,1297,12698,0.09267595569846374,0.8956770552444651,0.5360723188068165,0.06892516506687953,0.24552023684862972,0.05704673866427779,0.05716599590362428,0.9313801079414032,0.6495511104110884,0.21350300459526333,0.9893246971332613,0.3473759884974838,0.009599739065085777,1208,8248,4450,89,False,0.08875592594666386,0.2234302742974169,1.2552942421374322,0.9583246635083592,1.369926028527127
deit_tiny,1.0,101,temperature,1.0,vinbig,pleural_effusion,unanimous_only,14405,439,13966,0.030475529330093717,0.9521282078800549,0.7094075438131602,0.017624828946585156,0.08263474057834427,0.035829709185635585,0.030747461364412514,0.9384965831435079,0.7635686667621366,0.11093161012385568,0.9974745112711627,0.19841078738261497,0.05382467104576401,412,10664,3302,27,False,0.036411214936643586,0.5159505394902973,1.0841675940735676,2.091864990463885,-0.7010900448064685
deit_tiny,1.0,ensemble,ensemble_temperature,1.0,chexpert,cardiomegaly,uncertain_negative,20000,2034,17966,0.1017,0.8074475812555804,0.37767848332414555,0.08247633375155654,0.3196901170844703,0.062188276353480614,0.062080823138358394,0.8495575221238938,0.5808749860848269,0.18664938431626701,0.9715136846024949,0.30605738575983,0.01058636512607336,1728,10436,7530,306,False,0.09734054773307692,0.15270320876229704,0.38663893477873706,0.6802401712347828,1.2950930348094254
deit_tiny,1.0,ensemble,ensemble_temperature,1.0,chexpert,cardiomegaly,uncertain_positive,20000,2779,17221,0.13895,0.7970325505531993,0.4287671479318398,0.11408969000079178,0.4452065426111938,0.09935733567178467,0.09933082313835839,0.8287153652392947,0.5961326287672029,0.24875783106502483,0.9556879538261032,0.3826534850876464,0.01058636512607336,2303,10266,6955,476,False,0.13277667269640925,0.14073995315686827,0.7050145897360555,0.647397615304077,1.7957675563743243
deit_tiny,1.0,ensemble,ensemble_temperature,1.0,chexpert,cardiomegaly,explicit_only,3371,2034,1337,0.6033817858202314,0.8720138351097901,0.9070669878686228,0.4667457836866147,1.734439779458426,0.5160890263474394,0.5160890263474394,0.8495575221238938,0.7382198952879581,0.8315688161693936,0.7633410672853829,0.8404669260700389,0.01058636512607336,1728,987,350,306,False,0.5745931236835052,0.18769340521432087,3.7535308429707457,0.8003177075741763,4.615898328082943
deit_tiny,1.0,ensemble,ensemble_temperature,1.0,chexpert,pleural_effusion,uncertain_negative,20000,5642,14358,0.2821,0.857800435503548,0.705005811871617,0.15631442377315372,0.4688457318011188,0.11140449365717359,0.11195852565937675,0.967032967032967,0.3895389329990249,0.38365797060684903,0.9678145007786815,0.549363137491819,0.0529693141579628,5456,5593,8765,186,False,0.2310037580605596,0.32332519139288385,1.3622592828926363,1.3681695216165264,0.8209009951173716
deit_tiny,1.0,ensemble,ensemble_temperature,1.0,chexpert,pleural_effusion,uncertain_positive,20000,6709,13291,0.33545,0.8377051640374198,0.7336717233675046,0.19008848766725978,0.5678247035755993,0.1647544936571736,0.1647544936571736,0.9429125055895067,0.40598901512301555,0.4448351030166655,0.9337255580550268,0.6044911610129001,0.0529693141579628,6326,5396,7895,383,False,0.2722617173839193,0.3018170549507926,1.529419448494097,1.230855125992728,1.1514141075489077
deit_tiny,1.0,ensemble,ensemble_temperature,1.0,chexpert,pleural_effusion,explicit_only,9850,5642,4208,0.5727918781725888,0.9337716818322117,0.9464003453065228,0.2854497971838674,0.7956691049136182,0.36114071721192165,0.36114071721192165,0.967032967032967,0.6157319391634981,0.7713841368584758,0.9330212459488657,0.8581989775855289,0.0529693141579628,5456,2591,1617,186,False,0.45580888805635555,0.37375113855047337,4.122019265918049,1.9181088741832701,2.2548927192352886
deit_tiny,1.0,ensemble,ensemble_temperature,1.0,vinbig,cardiomegaly,unanimous_only,13995,1297,12698,0.09267595569846374,0.9227751916200964,0.5986192624320856,0.06972537941292296,0.23621791369921671,0.06181082042100494,0.0622190113419487,0.9722436391673092,0.674436919199874,0.23373493975903614,0.9958139534883721,0.37686790197250447,0.01058636512607336,1261,8564,4134,36,False,0.08875592594666386,0.21441437662626528,2.1716806383458764,1.2365196926302608,1.5004692853101924
deit_tiny,1.0,ensemble,ensemble_temperature,1.0,vinbig,pleural_effusion,unanimous_only,14405,439,13966,0.030475529330093717,0.9627016408544409,0.783022178097437,0.01568110823804241,0.07685379575556614,0.03725939355995887,0.03272625467738706,0.9567198177676538,0.7675784046971216,0.11456628477905073,0.9982307477418754,0.2046285018270402,0.0529693141579628,420,10720,3246,19,False,0.036411214936643586,0.5693330127729073,1.3398759816413812,2.2749947559895185,-0.7086203031190811
