model,fraction,seed,cal_fraction,method,label,cal_images,cal_patients,T,status,boundary,n,positive,a,b
resnet18,0.1,17,1.0,temperature,cardiomegaly,10227.0,2932.0,1.1699020660697943,ok,False,10227.0,249.0,,
resnet18,0.1,17,1.0,logistic,cardiomegaly,10227.0,2932.0,,ok,False,10227.0,249.0,0.5812335483389701,-1.1163534725549713
resnet18,0.1,17,1.0,temperature,pleural_effusion,10227.0,2932.0,1.1078291682920236,ok,False,10227.0,1159.0,,
resnet18,0.1,17,1.0,logistic,pleural_effusion,10227.0,2932.0,,ok,False,10227.0,1159.0,0.8127267657071019,-0.2181770441829715
resnet18,0.1,43,1.0,temperature,cardiomegaly,10227.0,2932.0,1.0290215359308408,ok,False,10227.0,249.0,,
resnet18,0.1,43,1.0,logistic,cardiomegaly,10227.0,2932.0,,ok,False,10227.0,249.0,0.8384541460932676,-0.47487814657454175
resnet18,0.1,43,1.0,temperature,pleural_effusion,10227.0,2932.0,1.1441134993363877,ok,False,10227.0,1159.0,,
resnet18,0.1,43,1.0,logistic,pleural_effusion,10227.0,2932.0,,ok,False,10227.0,1159.0,0.7877460920064965,-0.222370337394599
resnet18,0.1,101,1.0,temperature,cardiomegaly,10227.0,2932.0,1.1383340929131276,ok,False,10227.0,249.0,,
resnet18,0.1,101,1.0,logistic,cardiomegaly,10227.0,2932.0,,ok,False,10227.0,249.0,0.421350062317216,-1.8710798885192792
resnet18,0.1,101,1.0,temperature,pleural_effusion,10227.0,2932.0,1.1440901434482524,ok,False,10227.0,1159.0,,
resnet18,0.1,101,1.0,logistic,pleural_effusion,10227.0,2932.0,,ok,False,10227.0,1159.0,0.7385421666571006,-0.36062990348684815
resnet18,0.25,17,1.0,temperature,cardiomegaly,10227.0,2932.0,0.9860720535805879,ok,False,10227.0,249.0,,
resnet18,0.25,17,1.0,logistic,cardiomegaly,10227.0,2932.0,,ok,False,10227.0,249.0,0.8727766419559279,-0.4696566133320192
resnet18,0.25,17,1.0,temperature,pleural_effusion,10227.0,2932.0,1.140917315808544,ok,False,10227.0,1159.0,,
resnet18,0.25,17,1.0,logistic,pleural_effusion,10227.0,2932.0,,ok,False,10227.0,1159.0,0.7707748837113799,-0.300556197685001
resnet18,0.25,43,1.0,temperature,cardiomegaly,10227.0,2932.0,1.1387728264790997,ok,False,10227.0,249.0,,
resnet18,0.25,43,1.0,logistic,cardiomegaly,10227.0,2932.0,,ok,False,10227.0,249.0,0.7374229704624029,-0.5432165533382027
resnet18,0.25,43,1.0,temperature,pleural_effusion,10227.0,2932.0,1.2907286697398643,ok,False,10227.0,1159.0,,
resnet18,0.25,43,1.0,logistic,pleural_effusion,10227.0,2932.0,,ok,False,10227.0,1159.0,0.6805910756810138,-0.2981141511796886
resnet18,0.25,101,1.0,temperature,cardiomegaly,10227.0,2932.0,1.04004027011644,ok,False,10227.0,249.0,,
resnet18,0.25,101,1.0,logistic,cardiomegaly,10227.0,2932.0,,ok,False,10227.0,249.0,1.0572628749831223,0.3413904744779557
resnet18,0.25,101,1.0,temperature,pleural_effusion,10227.0,2932.0,1.1639019736762901,ok,False,10227.0,1159.0,,
resnet18,0.25,101,1.0,logistic,pleural_effusion,10227.0,2932.0,,ok,False,10227.0,1159.0,0.7695984943313917,-0.2593006081523192
resnet18,0.5,17,1.0,temperature,cardiomegaly,10227.0,2932.0,0.9624594028216772,ok,False,10227.0,249.0,,
resnet18,0.5,17,1.0,logistic,cardiomegaly,10227.0,2932.0,,ok,False,10227.0,249.0,0.8736258806204426,-0.524721795353526
resnet18,0.5,17,1.0,temperature,pleural_effusion,10227.0,2932.0,1.0184864226493688,ok,False,10227.0,1159.0,,
resnet18,0.5,17,1.0,logistic,pleural_effusion,10227.0,2932.0,,ok,False,10227.0,1159.0,0.8895624602745228,-0.24211805252266394
resnet18,0.5,43,1.0,temperature,cardiomegaly,10227.0,2932.0,1.0239105144246026,ok,False,10227.0,249.0,,
resnet18,0.5,43,1.0,logistic,cardiomegaly,10227.0,2932.0,,ok,False,10227.0,249.0,0.7810995499594521,-0.6866829742858784
resnet18,0.5,43,1.0,temperature,pleural_effusion,10227.0,2932.0,1.0394373547888116,ok,False,10227.0,1159.0,,
resnet18,0.5,43,1.0,logistic,pleural_effusion,10227.0,2932.0,,ok,False,10227.0,1159.0,0.910366252820427,-0.13696401644808903
resnet18,0.5,101,1.0,temperature,cardiomegaly,10227.0,2932.0,0.9903125905326571,ok,False,10227.0,249.0,,
resnet18,0.5,101,1.0,logistic,cardiomegaly,10227.0,2932.0,,ok,False,10227.0,249.0,0.8570624790454008,-0.4998852117636326
resnet18,0.5,101,1.0,temperature,pleural_effusion,10227.0,2932.0,1.2831439948788885,ok,False,10227.0,1159.0,,
resnet18,0.5,101,1.0,logistic,pleural_effusion,10227.0,2932.0,,ok,False,10227.0,1159.0,0.7992452164647786,0.06064614962814756
resnet18,1.0,17,0.1,temperature,cardiomegaly,885.0,294.0,1.059685146517507,ok,False,885.0,28.0,,
resnet18,1.0,17,0.1,logistic,cardiomegaly,885.0,294.0,,ok,False,885.0,28.0,0.8512985345802311,-0.32557312776203123
resnet18,1.0,17,0.1,temperature,pleural_effusion,885.0,294.0,1.0838751811283025,ok,False,885.0,98.0,,
resnet18,1.0,17,0.1,logistic,pleural_effusion,885.0,294.0,,ok,False,885.0,98.0,1.0633805375073895,0.40463333003467256
resnet18,1.0,17,0.25,temperature,cardiomegaly,2535.0,733.0,1.0210437704658517,ok,False,2535.0,60.0,,
resnet18,1.0,17,0.25,logistic,cardiomegaly,2535.0,733.0,,ok,False,2535.0,60.0,0.886329898800847,-0.32152466760110165
resnet18,1.0,17,0.25,temperature,pleural_effusion,2535.0,733.0,1.1727647995273982,ok,False,2535.0,317.0,,
resnet18,1.0,17,0.25,logistic,pleural_effusion,2535.0,733.0,,ok,False,2535.0,317.0,0.9281000394158772,0.22743515114493593
resnet18,1.0,17,0.5,temperature,cardiomegaly,5129.0,1466.0,1.0233381510074757,ok,False,5129.0,119.0,,
resnet18,1.0,17,0.5,logistic,cardiomegaly,5129.0,1466.0,,ok,False,5129.0,119.0,0.9140883201654402,-0.21734554619842456
resnet18,1.0,17,0.5,temperature,pleural_effusion,5129.0,1466.0,1.1197648021009095,ok,False,5129.0,562.0,,
resnet18,1.0,17,0.5,logistic,pleural_effusion,5129.0,1466.0,,ok,False,5129.0,562.0,0.8769264124947841,-0.047552132790798875
resnet18,1.0,17,1.0,temperature,cardiomegaly,10227.0,2932.0,1.0573516811259058,ok,False,10227.0,249.0,,
resnet18,1.0,17,1.0,logistic,cardiomegaly,10227.0,2932.0,,ok,False,10227.0,249.0,0.8591558060449258,-0.3024315473871795
resnet18,1.0,17,1.0,temperature,pleural_effusion,10227.0,2932.0,1.134886073808981,ok,False,10227.0,1159.0,,
resnet18,1.0,17,1.0,logistic,pleural_effusion,10227.0,2932.0,,ok,False,10227.0,1159.0,0.8844314801065428,0.0096087794733719
resnet18,1.0,17,1.0,head_mc_temperature,cardiomegaly,,,1.0496702859029745,ok,False,10227.0,249.0,,
resnet18,1.0,17,1.0,head_mc_temperature,pleural_effusion,,,1.1266665677799457,ok,False,10227.0,1159.0,,
resnet18,1.0,43,0.1,temperature,cardiomegaly,955.0,294.0,,insufficient_events,,,,,
resnet18,1.0,43,0.1,logistic,cardiomegaly,955.0,294.0,,insufficient_events,,,,,
resnet18,1.0,43,0.1,temperature,pleural_effusion,955.0,294.0,1.1447208116522936,ok,False,955.0,123.0,,
resnet18,1.0,43,0.1,logistic,pleural_effusion,955.0,294.0,,ok,False,955.0,123.0,0.8274916825066401,-0.12992502759764232
resnet18,1.0,43,0.25,temperature,cardiomegaly,2613.0,733.0,0.8887228531182247,ok,False,2613.0,42.0,,
resnet18,1.0,43,0.25,logistic,cardiomegaly,2613.0,733.0,,ok,False,2613.0,42.0,1.064759977206953,-0.1929304476951773
resnet18,1.0,43,0.25,temperature,pleural_effusion,2613.0,733.0,1.1657788665695623,ok,False,2613.0,312.0,,
resnet18,1.0,43,0.25,logistic,pleural_effusion,2613.0,733.0,,ok,False,2613.0,312.0,0.8134407505843021,-0.1284380835305221
resnet18,1.0,43,0.5,temperature,cardiomegaly,5086.0,1466.0,0.9257956765723256,ok,False,5086.0,91.0,,
resnet18,1.0,43,0.5,logistic,cardiomegaly,5086.0,1466.0,,ok,False,5086.0,91.0,0.9601573574979582,-0.40298905448318534
resnet18,1.0,43,0.5,temperature,pleural_effusion,5086.0,1466.0,1.1087369361798105,ok,False,5086.0,573.0,,
resnet18,1.0,43,0.5,logistic,pleural_effusion,5086.0,1466.0,,ok,False,5086.0,573.0,0.8615796184405617,-0.11811719841273319
resnet18,1.0,43,1.0,temperature,cardiomegaly,10227.0,2932.0,1.0050021868651493,ok,False,10227.0,249.0,,
resnet18,1.0,43,1.0,logistic,cardiomegaly,10227.0,2932.0,,ok,False,10227.0,249.0,0.921023810202698,-0.25163949245879547
resnet18,1.0,43,1.0,temperature,pleural_effusion,10227.0,2932.0,1.124683185067954,ok,False,10227.0,1159.0,,
resnet18,1.0,43,1.0,logistic,pleural_effusion,10227.0,2932.0,,ok,False,10227.0,1159.0,0.8266201328579466,-0.18377267201282763
resnet18,1.0,43,1.0,head_mc_temperature,cardiomegaly,,,0.9979316596564195,ok,False,10227.0,249.0,,
resnet18,1.0,43,1.0,head_mc_temperature,pleural_effusion,,,1.1171313562511553,ok,False,10227.0,1159.0,,
resnet18,1.0,101,0.1,temperature,cardiomegaly,1005.0,294.0,1.1429696118372183,ok,False,1005.0,22.0,,
resnet18,1.0,101,0.1,logistic,cardiomegaly,1005.0,294.0,,ok,False,1005.0,22.0,0.6061705794933545,-1.0645263412988435
resnet18,1.0,101,0.1,temperature,pleural_effusion,1005.0,294.0,1.106672436945028,ok,False,1005.0,113.0,,
resnet18,1.0,101,0.1,logistic,pleural_effusion,1005.0,294.0,,ok,False,1005.0,113.0,0.8824357544210051,-0.05814794584246614
resnet18,1.0,101,0.25,temperature,cardiomegaly,2567.0,733.0,1.1000029371332032,ok,False,2567.0,88.0,,
resnet18,1.0,101,0.25,logistic,cardiomegaly,2567.0,733.0,,ok,False,2567.0,88.0,0.9817231685535304,0.23872364741483587
resnet18,1.0,101,0.25,temperature,pleural_effusion,2567.0,733.0,1.1609689396983078,ok,False,2567.0,288.0,,
resnet18,1.0,101,0.25,logistic,pleural_effusion,2567.0,733.0,,ok,False,2567.0,288.0,0.8232257028922126,-0.10770892214758274
resnet18,1.0,101,0.5,temperature,cardiomegaly,5000.0,1466.0,1.1019214188952833,ok,False,5000.0,158.0,,
resnet18,1.0,101,0.5,logistic,cardiomegaly,5000.0,1466.0,,ok,False,5000.0,158.0,0.9048591442364435,-0.008974165125935485
resnet18,1.0,101,0.5,temperature,pleural_effusion,5000.0,1466.0,1.1686215140806528,ok,False,5000.0,523.0,,
resnet18,1.0,101,0.5,logistic,pleural_effusion,5000.0,1466.0,,ok,False,5000.0,523.0,0.816471547752097,-0.11454421492118443
resnet18,1.0,101,1.0,temperature,cardiomegaly,10227.0,2932.0,1.0580587195663123,ok,False,10227.0,249.0,,
resnet18,1.0,101,1.0,logistic,cardiomegaly,10227.0,2932.0,,ok,False,10227.0,249.0,0.8723170142198783,-0.2516366021059978
resnet18,1.0,101,1.0,temperature,pleural_effusion,10227.0,2932.0,1.1531257042614542,ok,False,10227.0,1159.0,,
resnet18,1.0,101,1.0,logistic,pleural_effusion,10227.0,2932.0,,ok,False,10227.0,1159.0,0.8837038526676795,0.047318245623543434
resnet18,1.0,101,1.0,head_mc_temperature,cardiomegaly,,,1.0501731854464333,ok,False,10227.0,249.0,,
resnet18,1.0,101,1.0,head_mc_temperature,pleural_effusion,,,1.1456825822959797,ok,False,10227.0,1159.0,,
resnet18,1.0,ensemble,1.0,ensemble_temperature,cardiomegaly,,,0.9943311937732917,ok,False,10227.0,249.0,,
resnet18,1.0,ensemble,1.0,ensemble_temperature,pleural_effusion,,,1.0899631180821994,ok,False,10227.0,1159.0,,
densenet121,0.1,17,1.0,temperature,cardiomegaly,10227.0,2932.0,1.111728687567253,ok,False,10227.0,249.0,,
densenet121,0.1,17,1.0,logistic,cardiomegaly,10227.0,2932.0,,ok,False,10227.0,249.0,0.9139177525335941,0.0555603449906173
densenet121,0.1,17,1.0,temperature,pleural_effusion,10227.0,2932.0,1.1911623933630262,ok,False,10227.0,1159.0,,
densenet121,0.1,17,1.0,logistic,pleural_effusion,10227.0,2932.0,,ok,False,10227.0,1159.0,0.8081746423818117,-0.08639820858167863
densenet121,0.1,43,1.0,temperature,cardiomegaly,10227.0,2932.0,0.9111285341656965,ok,False,10227.0,249.0,,
densenet121,0.1,43,1.0,logistic,cardiomegaly,10227.0,2932.0,,ok,False,10227.0,249.0,1.167504220542695,0.22128903490177523
densenet121,0.1,43,1.0,temperature,pleural_effusion,10227.0,2932.0,1.008335926198552,ok,False,10227.0,1159.0,,
densenet121,0.1,43,1.0,logistic,pleural_effusion,10227.0,2932.0,,ok,False,10227.0,1159.0,0.8371538840874633,-0.3884927153646219
densenet121,0.1,101,1.0,temperature,cardiomegaly,10227.0,2932.0,1.1429697952765427,ok,False,10227.0,249.0,,
densenet121,0.1,101,1.0,logistic,cardiomegaly,10227.0,2932.0,,ok,False,10227.0,249.0,0.8036745628100719,-0.2902812050388739
densenet121,0.1,101,1.0,temperature,pleural_effusion,10227.0,2932.0,1.0132837701468296,ok,False,10227.0,1159.0,,
densenet121,0.1,101,1.0,logistic,pleural_effusion,10227.0,2932.0,,ok,False,10227.0,1159.0,0.8801715004858486,-0.2637692147976193
densenet121,0.25,17,1.0,temperature,cardiomegaly,10227.0,2932.0,1.0789098547712657,ok,False,10227.0,249.0,,
densenet121,0.25,17,1.0,logistic,cardiomegaly,10227.0,2932.0,,ok,False,10227.0,249.0,0.7881020511082605,-0.5185196274408133
densenet121,0.25,17,1.0,temperature,pleural_effusion,10227.0,2932.0,1.2335468278611923,ok,False,10227.0,1159.0,,
densenet121,0.25,17,1.0,logistic,pleural_effusion,10227.0,2932.0,,ok,False,10227.0,1159.0,0.7761267683042502,-0.10991045159950048
densenet121,0.25,43,1.0,temperature,cardiomegaly,10227.0,2932.0,1.1307091910655636,ok,False,10227.0,249.0,,
densenet121,0.25,43,1.0,logistic,cardiomegaly,10227.0,2932.0,,ok,False,10227.0,249.0,0.7961414985758163,-0.34553191404641176
densenet121,0.25,43,1.0,temperature,pleural_effusion,10227.0,2932.0,1.2321794704654345,ok,False,10227.0,1159.0,,
densenet121,0.25,43,1.0,logistic,pleural_effusion,10227.0,2932.0,,ok,False,10227.0,1159.0,0.8513724261512104,0.12209823079447858
densenet121,0.25,101,1.0,temperature,cardiomegaly,10227.0,2932.0,1.0131733262987523,ok,False,10227.0,249.0,,
densenet121,0.25,101,1.0,logistic,cardiomegaly,10227.0,2932.0,,ok,False,10227.0,249.0,0.9028710682290504,-0.2919304793256987
densenet121,0.25,101,1.0,temperature,pleural_effusion,10227.0,2932.0,1.0856294156278152,ok,False,10227.0,1159.0,,
densenet121,0.25,101,1.0,logistic,pleural_effusion,10227.0,2932.0,,ok,False,10227.0,1159.0,0.7895935300587055,-0.42137149612803815
densenet121,0.5,17,1.0,temperature,cardiomegaly,10227.0,2932.0,0.9375437839051922,ok,False,10227.0,249.0,,
densenet121,0.5,17,1.0,logistic,cardiomegaly,10227.0,2932.0,,ok,False,10227.0,249.0,1.095082584534582,0.08983177716934099
densenet121,0.5,17,1.0,temperature,pleural_effusion,10227.0,2932.0,1.065303374389173,ok,False,10227.0,1159.0,,
densenet121,0.5,17,1.0,logistic,pleural_effusion,10227.0,2932.0,,ok,False,10227.0,1159.0,0.9248687658361496,-0.037543973444021925
densenet121,0.5,43,1.0,temperature,cardiomegaly,10227.0,2932.0,1.0790830224949524,ok,False,10227.0,249.0,,
densenet121,0.5,43,1.0,logistic,cardiomegaly,10227.0,2932.0,,ok,False,10227.0,249.0,0.7634362926863726,-0.603364534632302
densenet121,0.5,43,1.0,temperature,pleural_effusion,10227.0,2932.0,1.1493704195593581,ok,False,10227.0,1159.0,,
densenet121,0.5,43,1.0,logistic,pleural_effusion,10227.0,2932.0,,ok,False,10227.0,1159.0,0.8578024969887944,-0.03620936411641067
densenet121,0.5,101,1.0,temperature,cardiomegaly,10227.0,2932.0,1.0217648998022302,ok,False,10227.0,249.0,,
densenet121,0.5,101,1.0,logistic,cardiomegaly,10227.0,2932.0,,ok,False,10227.0,249.0,1.0069383122345852,0.09553553473308043
densenet121,0.5,101,1.0,temperature,pleural_effusion,10227.0,2932.0,1.1683947563356762,ok,False,10227.0,1159.0,,
densenet121,0.5,101,1.0,logistic,pleural_effusion,10227.0,2932.0,,ok,False,10227.0,1159.0,0.8377417075234908,-0.0544263298412421
densenet121,1.0,17,0.1,temperature,cardiomegaly,885.0,294.0,1.0332487880103842,ok,False,885.0,28.0,,
densenet121,1.0,17,0.1,logistic,cardiomegaly,885.0,294.0,,ok,False,885.0,28.0,0.9697340058158291,0.006040640747035445
densenet121,1.0,17,0.1,temperature,pleural_effusion,885.0,294.0,1.1196803507608986,ok,False,885.0,98.0,,
densenet121,1.0,17,0.1,logistic,pleural_effusion,885.0,294.0,,ok,False,885.0,98.0,0.9185171527177524,0.0772631829100167
densenet121,1.0,17,0.25,temperature,cardiomegaly,2535.0,733.0,1.0801672503476218,ok,False,2535.0,60.0,,
densenet121,1.0,17,0.25,logistic,cardiomegaly,2535.0,733.0,,ok,False,2535.0,60.0,0.8696942407739011,-0.2023295721697282
densenet121,1.0,17,0.25,temperature,pleural_effusion,2535.0,733.0,1.2193115251108526,ok,False,2535.0,317.0,,
densenet121,1.0,17,0.25,logistic,pleural_effusion,2535.0,733.0,,ok,False,2535.0,317.0,0.7897688000355704,-0.10142491304992673
densenet121,1.0,17,0.5,temperature,cardiomegaly,5129.0,1466.0,1.0695627491789585,ok,False,5129.0,119.0,,
densenet121,1.0,17,0.5,logistic,cardiomegaly,5129.0,1466.0,,ok,False,5129.0,119.0,0.9151781983282224,-0.07012094651729878
densenet121,1.0,17,0.5,temperature,pleural_effusion,5129.0,1466.0,1.1397455681405193,ok,False,5129.0,562.0,,
densenet121,1.0,17,0.5,logistic,pleural_effusion,5129.0,1466.0,,ok,False,5129.0,562.0,0.797573269406401,-0.25205902073420433
densenet121,1.0,17,1.0,temperature,cardiomegaly,10227.0,2932.0,1.1168591364444407,ok,False,10227.0,249.0,,
densenet121,1.0,17,1.0,logistic,cardiomegaly,10227.0,2932.0,,ok,False,10227.0,249.0,0.8725101555230395,-0.08282474854690172
densenet121,1.0,17,1.0,temperature,pleural_effusion,10227.0,2932.0,1.1234814715883625,ok,False,10227.0,1159.0,,
densenet121,1.0,17,1.0,logistic,pleural_effusion,10227.0,2932.0,,ok,False,10227.0,1159.0,0.8248554403252374,-0.19870578162231786
densenet121,1.0,17,1.0,head_mc_temperature,cardiomegaly,,,1.1076716642325053,ok,False,10227.0,249.0,,
densenet121,1.0,17,1.0,head_mc_temperature,pleural_effusion,,,1.1149940507839484,ok,False,10227.0,1159.0,,
densenet121,1.0,43,0.1,temperature,cardiomegaly,955.0,294.0,,insufficient_events,,,,,
densenet121,1.0,43,0.1,logistic,cardiomegaly,955.0,294.0,,insufficient_events,,,,,
densenet121,1.0,43,0.1,temperature,pleural_effusion,955.0,294.0,1.0225588713153335,ok,False,955.0,123.0,,
densenet121,1.0,43,0.1,logistic,pleural_effusion,955.0,294.0,,ok,False,955.0,123.0,0.8527121732700395,-0.3773824095914346
densenet121,1.0,43,0.25,temperature,cardiomegaly,2613.0,733.0,0.8290940181349415,ok,False,2613.0,42.0,,
densenet121,1.0,43,0.25,logistic,cardiomegaly,2613.0,733.0,,ok,False,2613.0,42.0,1.0790183360252208,-0.3807474914340729
densenet121,1.0,43,0.25,temperature,pleural_effusion,2613.0,733.0,0.9976186994372233,ok,False,2613.0,312.0,,
densenet121,1.0,43,0.25,logistic,pleural_effusion,2613.0,733.0,,ok,False,2613.0,312.0,0.8688077030875117,-0.4001686596356063
densenet121,1.0,43,0.5,temperature,cardiomegaly,5086.0,1466.0,0.8620420565814143,ok,False,5086.0,91.0,,
densenet121,1.0,43,0.5,logistic,cardiomegaly,5086.0,1466.0,,ok,False,5086.0,91.0,0.9649549097755237,-0.6021992673376225
densenet121,1.0,43,0.5,temperature,pleural_effusion,5086.0,1466.0,0.9823284609519289,ok,False,5086.0,573.0,,
densenet121,1.0,43,0.5,logistic,pleural_effusion,5086.0,1466.0,,ok,False,5086.0,573.0,0.8806775716064135,-0.4398267307972837
densenet121,1.0,43,1.0,temperature,cardiomegaly,10227.0,2932.0,0.9754362113306818,ok,False,10227.0,249.0,,
densenet121,1.0,43,1.0,logistic,cardiomegaly,10227.0,2932.0,,ok,False,10227.0,249.0,0.8385574161731597,-0.6201071367902584
densenet121,1.0,43,1.0,temperature,pleural_effusion,10227.0,2932.0,1.0224604510370416,ok,False,10227.0,1159.0,,
densenet121,1.0,43,1.0,logistic,pleural_effusion,10227.0,2932.0,,ok,False,10227.0,1159.0,0.8355732125105664,-0.4609711141579441
densenet121,1.0,43,1.0,head_mc_temperature,cardiomegaly,,,0.9666845640127367,ok,False,10227.0,249.0,,
densenet121,1.0,43,1.0,head_mc_temperature,pleural_effusion,,,1.0140207198147777,ok,False,10227.0,1159.0,,
densenet121,1.0,101,0.1,temperature,cardiomegaly,1005.0,294.0,1.0470312375541533,ok,False,1005.0,22.0,,
densenet121,1.0,101,0.1,logistic,cardiomegaly,1005.0,294.0,,ok,False,1005.0,22.0,0.6512092122693758,-1.0838121581885996
densenet121,1.0,101,0.1,temperature,pleural_effusion,1005.0,294.0,1.149101715431056,ok,False,1005.0,113.0,,
densenet121,1.0,101,0.1,logistic,pleural_effusion,1005.0,294.0,,ok,False,1005.0,113.0,0.8471607361511568,-0.06996728170425372
densenet121,1.0,101,0.25,temperature,cardiomegaly,2567.0,733.0,1.0270593009619424,ok,False,2567.0,88.0,,
densenet121,1.0,101,0.25,logistic,cardiomegaly,2567.0,733.0,,ok,False,2567.0,88.0,0.8716835220949989,-0.3180651690439863
densenet121,1.0,101,0.25,temperature,pleural_effusion,2567.0,733.0,1.1655752027490565,ok,False,2567.0,288.0,,
densenet121,1.0,101,0.25,logistic,pleural_effusion,2567.0,733.0,,ok,False,2567.0,288.0,0.8178968799869275,-0.11755569527555529
densenet121,1.0,101,0.5,temperature,cardiomegaly,5000.0,1466.0,0.9984627712182891,ok,False,5000.0,158.0,,
densenet121,1.0,101,0.5,logistic,cardiomegaly,5000.0,1466.0,,ok,False,5000.0,158.0,0.891921256412445,-0.333854411329348
densenet121,1.0,101,0.5,temperature,pleural_effusion,5000.0,1466.0,1.1736709828511684,ok,False,5000.0,523.0,,
densenet121,1.0,101,0.5,logistic,pleural_effusion,5000.0,1466.0,,ok,False,5000.0,523.0,0.8071517750690902,-0.13631458395971782
densenet121,1.0,101,1.0,temperature,cardiomegaly,10227.0,2932.0,0.9694947683810977,ok,False,10227.0,249.0,,
densenet121,1.0,101,1.0,logistic,cardiomegaly,10227.0,2932.0,,ok,False,10227.0,249.0,0.8674255138516376,-0.5197589982203799
densenet121,1.0,101,1.0,temperature,pleural_effusion,10227.0,2932.0,1.193974502294704,ok,False,10227.0,1159.0,,
densenet121,1.0,101,1.0,logistic,pleural_effusion,10227.0,2932.0,,ok,False,10227.0,1159.0,0.8274544614289333,-0.031041711805843666
densenet121,1.0,101,1.0,head_mc_temperature,cardiomegaly,,,0.962222357322347,ok,False,10227.0,249.0,,
densenet121,1.0,101,1.0,head_mc_temperature,pleural_effusion,,,1.184633731853736,ok,False,10227.0,1159.0,,
densenet121,1.0,ensemble,1.0,ensemble_temperature,cardiomegaly,,,0.9631174226200978,ok,False,10227.0,249.0,,
densenet121,1.0,ensemble,1.0,ensemble_temperature,pleural_effusion,,,1.0240331520541706,ok,False,10227.0,1159.0,,
deit_tiny,0.1,17,1.0,temperature,cardiomegaly,10227.0,2932.0,1.0268461014583066,ok,False,10227.0,249.0,,
deit_tiny,0.1,17,1.0,logistic,cardiomegaly,10227.0,2932.0,,ok,False,10227.0,249.0,0.9912912053341683,0.061992867534808704
deit_tiny,0.1,17,1.0,temperature,pleural_effusion,10227.0,2932.0,1.1072829910127369,ok,False,10227.0,1159.0,,
deit_tiny,0.1,17,1.0,logistic,pleural_effusion,10227.0,2932.0,,ok,False,10227.0,1159.0,0.8813126374400747,-0.06220229944650101
deit_tiny,0.1,43,1.0,temperature,cardiomegaly,10227.0,2932.0,0.8281859879536929,ok,False,10227.0,249.0,,
deit_tiny,0.1,43,1.0,logistic,cardiomegaly,10227.0,2932.0,,ok,False,10227.0,249.0,1.5576906831078885,0.999958136153416
deit_tiny,0.1,43,1.0,temperature,pleural_effusion,10227.0,2932.0,0.9259366066992382,ok,False,10227.0,1159.0,,
deit_tiny,0.1,43,1.0,logistic,pleural_effusion,10227.0,2932.0,,ok,False,10227.0,1159.0,1.0287799933061115,-0.11528354088469561
deit_tiny,0.1,101,1.0,temperature,cardiomegaly,10227.0,2932.0,0.9439213945418059,ok,False,10227.0,249.0,,
deit_tiny,0.1,101,1.0,logistic,cardiomegaly,10227.0,2932.0,,ok,False,10227.0,249.0,1.139409812501484,0.269472468092249
deit_tiny,0.1,101,1.0,temperature,pleural_effusion,10227.0,2932.0,0.8036184100287025,ok,False,10227.0,1159.0,,
deit_tiny,0.1,101,1.0,logistic,pleural_effusion,10227.0,2932.0,,ok,False,10227.0,1159.0,1.1910994050936625,-0.10967316625601373
deit_tiny,0.25,17,1.0,temperature,cardiomegaly,10227.0,2932.0,0.8604358311597785,ok,False,10227.0,249.0,,
deit_tiny,0.25,17,1.0,logistic,cardiomegaly,10227.0,2932.0,,ok,False,10227.0,249.0,0.969360859496142,-0.5962118637642547
deit_tiny,0.25,17,1.0,temperature,pleural_effusion,10227.0,2932.0,0.9932919636803574,ok,False,10227.0,1159.0,,
deit_tiny,0.25,17,1.0,logistic,pleural_effusion,10227.0,2932.0,,ok,False,10227.0,1159.0,0.904908643539107,-0.29066768417255273
deit_tiny,0.25,43,1.0,temperature,cardiomegaly,10227.0,2932.0,1.0928337237903591,ok,False,10227.0,249.0,,
deit_tiny,0.25,43,1.0,logistic,cardiomegaly,10227.0,2932.0,,ok,False,10227.0,249.0,0.999605503684618,0.32526042264165583
deit_tiny,0.25,43,1.0,temperature,pleural_effusion,10227.0,2932.0,1.0578406164507983,ok,False,10227.0,1159.0,,
deit_tiny,0.25,43,1.0,logistic,pleural_effusion,10227.0,2932.0,,ok,False,10227.0,1159.0,0.7744466150284766,-0.5992607248821346
deit_tiny,0.25,101,1.0,temperature,cardiomegaly,10227.0,2932.0,1.0613318417887982,ok,False,10227.0,249.0,,
deit_tiny,0.25,101,1.0,logistic,cardiomegaly,10227.0,2932.0,,ok,False,10227.0,249.0,0.7947067720067638,-0.5529444592763785
deit_tiny,0.25,101,1.0,temperature,pleural_effusion,10227.0,2932.0,1.000349432078057,ok,False,10227.0,1159.0,,
deit_tiny,0.25,101,1.0,logistic,pleural_effusion,10227.0,2932.0,,ok,False,10227.0,1159.0,0.9748502561237431,-0.06844549698381411
deit_tiny,0.5,17,1.0,temperature,cardiomegaly,10227.0,2932.0,1.0507269566139217,ok,False,10227.0,249.0,,
deit_tiny,0.5,17,1.0,logistic,cardiomegaly,10227.0,2932.0,,ok,False,10227.0,249.0,0.983841254916417,0.11753691370894434
deit_tiny,0.5,17,1.0,temperature,pleural_effusion,10227.0,2932.0,1.1031095562453301,ok,False,10227.0,1159.0,,
deit_tiny,0.5,17,1.0,logistic,pleural_effusion,10227.0,2932.0,,ok,False,10227.0,1159.0,1.0400723221319534,0.3518896274631657
deit_tiny,0.5,43,1.0,temperature,cardiomegaly,10227.0,2932.0,1.2174415760131536,ok,False,10227.0,249.0,,
deit_tiny,0.5,43,1.0,logistic,cardiomegaly,10227.0,2932.0,,ok,False,10227.0,249.0,0.8065217931971066,-0.06328227116403927
deit_tiny,0.5,43,1.0,temperature,pleural_effusion,10227.0,2932.0,1.0531834802895197,ok,False,10227.0,1159.0,,
deit_tiny,0.5,43,1.0,logistic,pleural_effusion,10227.0,2932.0,,ok,False,10227.0,1159.0,0.8671723240702874,-0.24094096237541335
deit_tiny,0.5,101,1.0,temperature,cardiomegaly,10227.0,2932.0,1.0406260548043156,ok,False,10227.0,249.0,,
deit_tiny,0.5,101,1.0,logistic,cardiomegaly,10227.0,2932.0,,ok,False,10227.0,249.0,1.0383349072385804,0.27474553679116237
deit_tiny,0.5,101,1.0,temperature,pleural_effusion,10227.0,2932.0,1.1155766836999503,ok,False,10227.0,1159.0,,
deit_tiny,0.5,101,1.0,logistic,pleural_effusion,10227.0,2932.0,,ok,False,10227.0,1159.0,0.8839126753510498,-0.03770560925787005
deit_tiny,1.0,17,0.1,temperature,cardiomegaly,885.0,294.0,0.9925542113052214,ok,False,885.0,28.0,,
deit_tiny,1.0,17,0.1,logistic,cardiomegaly,885.0,294.0,,ok,False,885.0,28.0,0.7816431598326417,-0.7492053184091648
deit_tiny,1.0,17,0.1,temperature,pleural_effusion,885.0,294.0,1.058072389016523,ok,False,885.0,98.0,,
deit_tiny,1.0,17,0.1,logistic,pleural_effusion,885.0,294.0,,ok,False,885.0,98.0,1.0238205915178296,0.23219287340894237
deit_tiny,1.0,17,0.25,temperature,cardiomegaly,2535.0,733.0,0.9276510368232094,ok,False,2535.0,60.0,,
deit_tiny,1.0,17,0.25,logistic,cardiomegaly,2535.0,733.0,,ok,False,2535.0,60.0,0.8199242050297886,-0.8411745788778963
deit_tiny,1.0,17,0.25,temperature,pleural_effusion,2535.0,733.0,1.1032533402106666,ok,False,2535.0,317.0,,
deit_tiny,1.0,17,0.25,logistic,pleural_effusion,2535.0,733.0,,ok,False,2535.0,317.0,0.905738814507796,-0.0021261566768399996
deit_tiny,1.0,17,0.5,temperature,cardiomegaly,5129.0,1466.0,0.9351782322010356,ok,False,5129.0,119.0,,
deit_tiny,1.0,17,0.5,logistic,cardiomegaly,5129.0,1466.0,,ok,False,5129.0,119.0,0.8167681244770286,-0.8441769484655198
deit_tiny,1.0,17,0.5,temperature,pleural_effusion,5129.0,1466.0,1.0270953870544235,ok,False,5129.0,562.0,,
deit_tiny,1.0,17,0.5,logistic,pleural_effusion,5129.0,1466.0,,ok,False,5129.0,562.0,0.9042964355875472,-0.205296748566643
deit_tiny,1.0,17,1.0,temperature,cardiomegaly,10227.0,2932.0,0.9609820746853298,ok,False,10227.0,249.0,,
deit_tiny,1.0,17,1.0,logistic,cardiomegaly,10227.0,2932.0,,ok,False,10227.0,249.0,0.8109145826857519,-0.7768434171186723
deit_tiny,1.0,17,1.0,temperature,pleural_effusion,10227.0,2932.0,1.0150126745165962,ok,False,10227.0,1159.0,,
deit_tiny,1.0,17,1.0,logistic,pleural_effusion,10227.0,2932.0,,ok,False,10227.0,1159.0,0.9255523401862019,-0.1703972142005604
deit_tiny,1.0,17,1.0,head_mc_temperature,cardiomegaly,,,0.952484670237436,ok,False,10227.0,249.0,,
deit_tiny,1.0,17,1.0,head_mc_temperature,pleural_effusion,,,1.0106209164980842,ok,False,10227.0,1159.0,,
deit_tiny,1.0,43,0.1,temperature,cardiomegaly,955.0,294.0,,insufficient_events,,,,,
deit_tiny,1.0,43,0.1,logistic,cardiomegaly,955.0,294.0,,insufficient_events,,,,,
deit_tiny,1.0,43,0.1,temperature,pleural_effusion,955.0,294.0,1.0932726869116867,ok,False,955.0,123.0,,
deit_tiny,1.0,43,0.1,logistic,pleural_effusion,955.0,294.0,,ok,False,955.0,123.0,1.0923939642526306,0.48310862058350695
deit_tiny,1.0,43,0.25,temperature,cardiomegaly,2613.0,733.0,0.9802458654104195,ok,False,2613.0,42.0,,
deit_tiny,1.0,43,0.25,logistic,cardiomegaly,2613.0,733.0,,ok,False,2613.0,42.0,1.3049807709964363,0.9871015177459823
deit_tiny,1.0,43,0.25,temperature,pleural_effusion,2613.0,733.0,1.1028733507668511,ok,False,2613.0,312.0,,
deit_tiny,1.0,43,0.25,logistic,pleural_effusion,2613.0,733.0,,ok,False,2613.0,312.0,1.021707739477603,0.32413095259782704
deit_tiny,1.0,43,0.5,temperature,cardiomegaly,5086.0,1466.0,1.021194465870293,ok,False,5086.0,91.0,,
deit_tiny,1.0,43,0.5,logistic,cardiomegaly,5086.0,1466.0,,ok,False,5086.0,91.0,1.0952910365236062,0.4239010180504001
deit_tiny,1.0,43,0.5,temperature,pleural_effusion,5086.0,1466.0,1.0754385948188057,ok,False,5086.0,573.0,,
deit_tiny,1.0,43,0.5,logistic,pleural_effusion,5086.0,1466.0,,ok,False,5086.0,573.0,1.0178934945186993,0.25769969720408115
deit_tiny,1.0,43,1.0,temperature,cardiomegaly,10227.0,2932.0,1.0999422523887796,ok,False,10227.0,249.0,,
deit_tiny,1.0,43,1.0,logistic,cardiomegaly,10227.0,2932.0,,ok,False,10227.0,249.0,1.0502568322076646,0.5265780416016229
deit_tiny,1.0,43,1.0,temperature,pleural_effusion,10227.0,2932.0,1.0844249756513415,ok,False,10227.0,1159.0,,
deit_tiny,1.0,43,1.0,logistic,pleural_effusion,10227.0,2932.0,,ok,False,10227.0,1159.0,0.9868801082537461,0.19064888513298933
deit_tiny,1.0,43,1.0,head_mc_temperature,cardiomegaly,,,1.0904035598167523,ok,False,10227.0,249.0,,
deit_tiny,1.0,43,1.0,head_mc_temperature,pleural_effusion,,,1.0801119111637498,ok,False,10227.0,1159.0,,
deit_tiny,1.0,101,0.1,temperature,cardiomegaly,1005.0,294.0,1.1058355853726543,ok,False,1005.0,22.0,,
deit_tiny,1.0,101,0.1,logistic,cardiomegaly,1005.0,294.0,,ok,False,1005.0,22.0,0.5511907439087923,-1.3730459130427122
deit_tiny,1.0,101,0.1,temperature,pleural_effusion,1005.0,294.0,1.237779588955223,ok,False,1005.0,113.0,,
deit_tiny,1.0,101,0.1,logistic,pleural_effusion,1005.0,294.0,,ok,False,1005.0,113.0,0.8089974839751998,0.003570973718655693
deit_tiny,1.0,101,0.25,temperature,cardiomegaly,2567.0,733.0,1.0898867203277016,ok,False,2567.0,88.0,,
deit_tiny,1.0,101,0.25,logistic,cardiomegaly,2567.0,733.0,,ok,False,2567.0,88.0,0.7716988124164458,-0.5317288159022896
deit_tiny,1.0,101,0.25,temperature,pleural_effusion,2567.0,733.0,1.2489720925048555,ok,False,2567.0,288.0,,
deit_tiny,1.0,101,0.25,logistic,pleural_effusion,2567.0,733.0,,ok,False,2567.0,288.0,0.7893043754825484,-0.03651623633976504
deit_tiny,1.0,101,0.5,temperature,cardiomegaly,5000.0,1466.0,1.104530318232963,ok,False,5000.0,158.0,,
deit_tiny,1.0,101,0.5,logistic,cardiomegaly,5000.0,1466.0,,ok,False,5000.0,158.0,0.7626277712827668,-0.527017401639971
deit_tiny,1.0,101,0.5,temperature,pleural_effusion,5000.0,1466.0,1.247245881536408,ok,False,5000.0,523.0,,
deit_tiny,1.0,101,0.5,logistic,pleural_effusion,5000.0,1466.0,,ok,False,5000.0,523.0,0.7801944753004019,-0.07143331916813256
deit_tiny,1.0,101,1.0,temperature,cardiomegaly,10227.0,2932.0,1.0573660677780483,ok,False,10227.0,249.0,,
deit_tiny,1.0,101,1.0,logistic,cardiomegaly,10227.0,2932.0,,ok,False,10227.0,249.0,0.7720060610662566,-0.6390964793147896
deit_tiny,1.0,101,1.0,temperature,pleural_effusion,10227.0,2932.0,1.2372693347177455,ok,False,10227.0,1159.0,,
deit_tiny,1.0,101,1.0,logistic,pleural_effusion,10227.0,2932.0,,ok,False,10227.0,1159.0,0.8195551418450057,0.03754636682529088
deit_tiny,1.0,101,1.0,head_mc_temperature,cardiomegaly,,,1.0482794504613784,ok,False,10227.0,249.0,,
deit_tiny,1.0,101,1.0,head_mc_temperature,pleural_effusion,,,1.2297881300712257,ok,False,10227.0,1159.0,,
deit_tiny,1.0,ensemble,1.0,ensemble_temperature,cardiomegaly,,,0.9760935807146172,ok,False,10227.0,249.0,,
deit_tiny,1.0,ensemble,1.0,ensemble_temperature,pleural_effusion,,,1.0487868061247485,ok,False,10227.0,1159.0,,
