model,fraction,seed,n_train_images,n_train_patients,n_tune_images,n_total_development_images,parameters,epochs_run,best_epoch,training_wall_hours
deit_tiny,0.1,101,6815,1760,10538,27580,5524802,8,3,0.2503626389294439
deit_tiny,0.1,17,6264,1760,10538,27029,5524802,10,5,0.26157077275083185
deit_tiny,0.1,43,6852,1760,10538,27617,5524802,6,1,0.16177329161972315
deit_tiny,0.25,101,16430,4399,10538,37195,5524802,11,6,0.5508314554075029
deit_tiny,0.25,17,16532,4399,10538,37297,5524802,11,6,0.558708967802499
deit_tiny,0.25,43,16165,4399,10538,36930,5524802,9,4,0.4540529247016679
deit_tiny,0.5,101,32106,8797,10538,52871,5524802,9,4,0.789584789827778
deit_tiny,0.5,17,33219,8797,10538,53984,5524802,9,4,0.8064947110091635
deit_tiny,0.5,43,31990,8797,10538,52755,5524802,13,8,1.120330464992217
deit_tiny,1.0,101,64592,17593,10538,85357,5524802,13,8,2.2251130631630573
deit_tiny,1.0,17,64592,17593,10538,85357,5524802,14,9,3.2303030707780556
deit_tiny,1.0,43,64592,17593,10538,85357,5524802,12,7,2.7441542999988875
densenet121,0.1,101,6815,1760,10538,27580,6955906,6,1,0.1642679148752778
densenet121,0.1,17,6264,1760,10538,27029,6955906,7,2,0.18732189453888876
densenet121,0.1,43,6852,1760,10538,27617,6955906,6,1,0.16526550823944489
densenet121,0.25,101,16430,4399,10538,37195,6955906,7,2,0.37372392628444384
densenet121,0.25,17,16532,4399,10538,37297,6955906,7,2,0.3606224273324996
densenet121,0.25,43,16165,4399,10538,36930,6955906,6,1,0.31111061891722175
densenet121,0.5,101,32106,8797,10538,52871,6955906,7,2,0.6680122189102783
densenet121,0.5,17,33219,8797,10538,53984,6955906,6,1,0.6164592275961099
densenet121,0.5,43,31990,8797,10538,52755,6955906,7,2,0.6879949974669418
densenet121,1.0,101,64592,17593,10538,85357,6955906,8,3,1.4379270292063897
densenet121,1.0,17,64592,17593,10538,85357,6955906,7,2,1.2319320103372218
densenet121,1.0,43,64592,17593,10538,85357,6955906,8,3,1.426680646059165
resnet18,0.1,101,6815,1760,10538,27580,11177538,10,5,0.2544367041608334
resnet18,0.1,17,6264,1760,10538,27029,11177538,10,5,0.24763822106027772
resnet18,0.1,43,6852,1760,10538,27617,11177538,11,6,0.28802485823527796
resnet18,0.25,101,16430,4399,10538,37195,11177538,9,4,0.46425317696472246
resnet18,0.25,17,16532,4399,10538,37297,11177538,10,5,0.4947235024080557
resnet18,0.25,43,16165,4399,10538,36930,11177538,10,5,0.5106814780141666
resnet18,0.5,101,32106,8797,10538,52871,11177538,9,4,0.7738689797083337
resnet18,0.5,17,33219,8797,10538,53984,11177538,9,4,0.8286780102272224
resnet18,0.5,43,31990,8797,10538,52755,11177538,9,4,0.7918298766558335
resnet18,1.0,101,64592,17593,10538,85357,11177538,8,3,1.351545457289444
resnet18,1.0,17,64592,17593,10538,85357,11177538,9,4,1.481866209624167
resnet18,1.0,43,64592,17593,10538,85357,11177538,8,3,1.3215609264250001
