PA_n,domain,female_n,images,known,label,masked,median_age,negative,patients_or_image_groups,positive,prevalence_known,split
6428,nih,4410,10227,10227,cardiomegaly,0,49.0,9978,2932,249,0.0243473159284247,calibration
6428,nih,4410,10227,10227,pleural_effusion,0,49.0,9068,2932,1159,0.113327466510218,calibration
12801,nih,9358,21329,21329,cardiomegaly,0,49.0,20832,5866,497,0.0233016081391532,test
12801,nih,9358,21329,21329,pleural_effusion,0,49.0,18793,5866,2536,0.1188991513901261,test
38747,nih,28083,64592,64592,cardiomegaly,0,50.0,63004,17593,1588,0.0245850879365865,train
38747,nih,28083,64592,64592,pleural_effusion,0,50.0,56718,17593,7874,0.1219036413178102,train
6596,nih,4590,10538,10538,cardiomegaly,0,51.0,10247,2932,291,0.0276143480736382,tune
6596,nih,4590,10538,10538,pleural_effusion,0,51.0,9251,2932,1287,0.1221294363256784,tune
4518,chexpert,8939,20000,19255,cardiomegaly,745,62.0,17221,20000,2034,0.1056349000259672,test
4518,chexpert,8939,20000,18933,pleural_effusion,1067,62.0,13291,20000,5642,0.2979982041937358,test
14998,vinbig,0,14998,14998,cardiomegaly,0,,13181,14998,1817,0.121149486598213,test
14998,vinbig,0,14998,14998,pleural_effusion,0,,14364,14998,634,0.0422723029737298,test
