model,method,domain,label,auroc_mean,auroc_std,auprc_mean,auprc_std,brier_mean,brier_std,nll_mean,nll_std,ece15_mean,ece15_std,adaptive_ece15_mean,adaptive_ece15_std,calibration_intercept_mean,calibration_intercept_std,calibration_slope_mean,calibration_slope_std,sensitivity_mean,sensitivity_std,specificity_mean,specificity_std,ppv_mean,ppv_std,npv_mean,npv_std,brier_skill_vs_source_constant_mean,brier_skill_vs_source_constant_std,brier_ci_low,brier_ci_high,resampling_unit,auroc_low,auroc_high,auprc_low,auprc_high,rank_bootstrap_B
deit_tiny,ensemble,chexpert,cardiomegaly,0.8155058620489026,,0.40727766391778447,,0.08467520740242473,,0.32366870996968417,,0.06581897557683822,,0.06579299734358798,,0.5606990329107063,,0.7259530300676417,,0.8495575221238938,,0.5961326287672029,,0.19900955890821145,,0.97105561861521,,0.16232695522907348,,0.08140170575756715,0.08832595632514421,patient,0.8052789636987943,0.8248129148128899,0.38429235801784556,0.42981575515966325,1000
deit_tiny,ensemble,chexpert,pleural_effusion,0.8676638588063006,,0.7410304335515658,,0.1636533804732668,,0.48871299413597896,,0.13447030087511777,,0.1345902347185793,,1.5998730981576272,,1.3727295886988122,,0.967032967032967,,0.40598901512301555,,0.40865852745112724,,0.9666786098172698,,0.32735572595932294,,0.15998487215717028,0.16738277042574493,patient,0.8618706536261779,0.8731868755586271,0.7280069452522971,0.7538100222062859,1000
deit_tiny,ensemble,nih,cardiomegaly,0.9056348459420116,,0.24516696505316693,,0.0197522732585714,,0.07810256822855939,,0.002641579332953988,,0.0029383661499293038,,-0.24756469246757953,,0.9430987934452361,,0.9235412474849095,,0.6976766513056836,,0.0679295545360367,,0.9973922591270931,,0.13213964128236688,,0.017128800859191325,0.02257227052198405,patient,0.8889242483923943,0.9212348852264924,0.19743562770250914,0.3014760906284623,1000
deit_tiny,ensemble,nih,pleural_effusion,0.885389223469172,,0.5279609680970324,,0.07441522235583094,,0.24572224816071994,,0.008972950537235657,,0.009694162894545024,,0.15681298840603758,,1.02793198777234,,0.9258675078864353,,0.6460916298621827,,0.26091787976441827,,0.9847526358475264,,0.28988491919450765,,0.06903651265894402,0.07983478079915708,patient,0.874974906702814,0.8950392973780024,0.4961672591418622,0.5636239301190838,1000
deit_tiny,ensemble,vinbig,cardiomegaly,0.8869253483013713,,0.5618393710370886,,0.09519497360698245,,0.33491241130222343,,0.08741006547454283,,0.08764208708256409,,1.891107761269202,,1.0400407985736102,,0.9273527793065492,,0.6628480388437903,,0.27492249959210313,,0.9851166986131469,,0.1782411045204223,,0.0910205213837471,0.09935674121313115,image,0.8796568456676997,0.8936063059327524,0.5389439652385424,0.5853137010813682,1000
deit_tiny,ensemble,vinbig,pleural_effusion,0.9272919417365708,,0.6815241964689366,,0.023955256079903686,,0.10035410606649223,,0.027337112141846566,,0.02712146100301847,,1.0334702615228906,,1.7148154900120565,,0.9022082018927445,,0.75682261208577,,0.14071340713407135,,0.99432909539925,,0.47390619626720176,,0.022215399457813968,0.025858686711932033,image,0.9142557040007877,0.9400838919697234,0.6489682533035865,0.7144748492780771,1000
deit_tiny,ensemble_temperature,chexpert,cardiomegaly,0.8155058620489026,,0.40727766391778447,,0.08506722324981794,,0.32871998457636986,,0.06743771233151603,,0.06741017399505664,,0.5607028492396496,,0.7085989689079504,,0.8495575221238938,,0.5961326287672029,,0.19900955890821145,,0.97105561861521,,0.15844882940502125,,0.08177132295854561,0.0887341494287742,patient,0.8052789636987943,0.8248129148128899,0.38429235801784556,0.42981575515966325,1000
deit_tiny,ensemble_temperature,chexpert,pleural_effusion,0.8676638588063006,,0.7410304335515658,,0.16201016293754503,,0.48272331460107626,,0.12802245994836586,,0.1286126029079435,,1.5998737052211922,,1.4397004865865985,,0.967032967032967,,0.40598901512301555,,0.40865852745112724,,0.9666786098172698,,0.33410964001358856,,0.15841283534819212,0.16565589259832444,patient,0.8618706536261779,0.8731868755586271,0.7280069452522971,0.7538100222062859,1000
deit_tiny,ensemble_temperature,nih,cardiomegaly,0.9056348459420115,,0.24516696505316693,,0.01974953101238786,,0.0780872614608874,,0.0027960788030682417,,0.002527148122838644,,-0.2481580493463416,,0.9204308869107625,,0.9235412474849095,,0.6976766513056836,,0.0679295545360367,,0.9973922591270931,,0.13226012800940778,,0.0171095812727167,0.02257627482364665,patient,0.8889242483923943,0.9212348852264924,0.19743562770250914,0.3014760906284623,1000
deit_tiny,ensemble_temperature,nih,pleural_effusion,0.8853892234691723,,0.5279609680970325,,0.07436093744118227,,0.24565008447138878,,0.008082044170016654,,0.007791118057835229,,0.15677420289040828,,1.078039450256182,,0.9258675078864353,,0.6460916298621827,,0.26091787976441827,,0.9847526358475264,,0.29040293869820444,,0.0690163779176919,0.0797089955887906,patient,0.874974906702814,0.8950392973780024,0.4961672591418622,0.5636239301190838,1000
deit_tiny,ensemble_temperature,vinbig,cardiomegaly,0.8869253483013713,,0.5618393710370886,,0.09578254831681726,,0.340592206345983,,0.0888833075820759,,0.0890771979587569,,1.8910321335309999,,1.0151569936553466,,0.9273527793065492,,0.6628480388437903,,0.27492249959210313,,0.9851166986131469,,0.17316893814156453,,0.09157554935498341,0.09998222564394775,image,0.8796568456676997,0.8936063059327524,0.5389439652385424,0.5853137010813682,1000
deit_tiny,ensemble_temperature,vinbig,pleural_effusion,0.9272919417365708,,0.6815241964689366,,0.024250304906368727,,0.10349933439391835,,0.03129175646786776,,0.031091854608531283,,1.03347293779182,,1.7984613101544642,,0.9022082018927445,,0.75682261208577,,0.14071340713407135,,0.99432909539925,,0.46742647595512754,,0.022546995763134715,0.026110028361238036,image,0.9142557040007877,0.9400838919697234,0.6489682533035865,0.7144748492780771,1000
deit_tiny,head_mc,chexpert,cardiomegaly,0.8002979981203729,0.007856888729313038,0.38107379008901926,0.01868967999711285,0.08631804444011582,0.003969909289257976,0.34310874245810047,0.017270413532652216,0.06559120767825614,0.012212037371044315,0.06537623063393598,0.012370632182459864,0.39824763124306756,0.5720177659582404,0.647220387334193,0.11942303957226,0.8215339233038348,0.015453523741889574,0.6006426262508953,0.040391332396816325,0.19620149735978543,0.012844379245702722,0.9661153540118862,0.0010849081946820885,0.14607473281779734,0.0392734320211642,0.08302950964935651,0.08999625274157949,patient,0.7905198784012086,0.8090679994416313,0.3603764340603819,0.40202512559901543,1000
deit_tiny,head_mc,chexpert,pleural_effusion,0.8541207619907493,0.00460252477094551,0.7162053965388822,0.007158730179036998,0.1669579330269851,0.010152822143873821,0.5051156778697664,0.031216371208030468,0.13407315715997106,0.024988974809159976,0.13434728322661912,0.025053277765021118,1.3658388915116209,0.29674984253535075,1.1979422257423389,0.10069489197280992,0.9647879002717712,0.006812494531678835,0.38271512050761164,0.016886785924058095,0.3989096631338011,0.004921447065852532,0.9625842697053534,0.005430664713085267,0.31377343180140777,0.041729890703636856,0.1632946675818421,0.17070926768357,patient,0.8484450262800481,0.859357780464544,0.7036935255070352,0.7286763299995295,1000
deit_tiny,head_mc,nih,cardiomegaly,0.8913477665789925,0.0058719991136268156,0.22298857912495876,0.0069194531560846035,0.020681398350144306,0.00034653139304360707,0.08309502127901257,0.00020968610547985887,0.0077026751830686704,0.001416351232220189,0.008354675149188305,0.002750466870115127,-0.46982801669708424,0.5593768213591223,0.8362560062047674,0.10758084054736837,0.9000670690811536,0.01626338786449653,0.6995327700972863,0.019400626372599292,0.06681665152884936,0.0028519027434095482,0.996612025075207,0.00046076795455480337,0.09131644970789317,0.015225632773343734,0.018008725611312306,0.023573810292319478,patient,0.8743658345007461,0.9074492642329263,0.17845803375003563,0.27694200497471977,1000
deit_tiny,head_mc,nih,pleural_effusion,0.8780679868664883,0.000557451164078685,0.5062197436308163,0.0053593592734641595,0.07649517561501358,0.000304900751918919,0.25379367263346725,0.0018467639647943902,0.013853473030925453,0.006102483933846277,0.014815826588941637,0.004576195666913979,0.0412398645879394,0.17499858818366507,0.9383370715045346,0.08522217583951172,0.9211356466876972,0.006976264200691749,0.6316891040990439,0.006632513635228931,0.2523620880951905,0.00397015052155382,0.9834300660391078,0.0014932620197054434,0.27003674660350824,0.0029095474720380026,0.07100746869839422,0.08199993243378058,patient,0.867665905104957,0.8877915459500911,0.47478363524568945,0.5417545729726739,1000
deit_tiny,head_mc,vinbig,cardiomegaly,0.8716564041922498,0.015543297872754947,0.5285934590441884,0.027907061628657793,0.09620043095725246,0.005382825806733036,0.35605836985210076,0.024950520691071003,0.08694017764100816,0.01074867954832828,0.08701764419756124,0.010815835669470614,1.601029177070977,0.9660421669791747,0.9051860374795905,0.2118153191064883,0.8932305998899285,0.014106775583903471,0.6690438257087221,0.03911521656512281,0.27256152965809827,0.02456433732273953,0.9784454579163059,0.0029999240054890543,0.16956161767040323,0.046466581394959884,0.09201542531485363,0.10039540933892482,image,0.864416311036281,0.878284591453275,0.5069296426182295,0.5507873430121347,1000
deit_tiny,head_mc,vinbig,pleural_effusion,0.9153872164345903,0.003475896297757179,0.6408006787608966,0.026433601803638174,0.024980091319884115,0.0007551482658653554,0.10448012473297626,0.0027314476616049207,0.02470647620124501,0.009701283596901355,0.02184847282935423,0.0063534581816222175,0.656755830327841,0.2922869312285045,1.5186949249473347,0.14848537199660392,0.891167192429022,0.015046359643800392,0.7291608651257774,0.01901596076994488,0.12707314805489967,0.006124938812346216,0.9934678326306429,0.0007214991518193737,0.4513992580068746,0.016584202742237146,0.023223426970484046,0.026890463298387374,image,0.9027235542622958,0.9280117067827277,0.6084369655639456,0.6731167397108254,1000
deit_tiny,head_mc_temperature,chexpert,cardiomegaly,0.8002979981203729,0.007856888729313038,0.38107379008901926,0.01868967999711285,0.08577683838430035,0.002890905113793047,0.3360018005986845,0.002833277339961288,0.0636840240589414,0.008920408885307993,0.06345939778181957,0.009054783184724219,0.39826846364683527,0.5720038501328212,0.6703531324078522,0.15932245511299983,0.8215339233038348,0.015453523741889574,0.6006426262508953,0.040391332396816325,0.19620149735978543,0.012844379245702722,0.9661153540118862,0.0010849081946820885,0.15142876428144428,0.028599083050436274,0.0825153440948744,0.08942627024287764,patient,0.7905198784012086,0.8090679994416313,0.3603764340603819,0.40202512559901543,1000
deit_tiny,head_mc_temperature,chexpert,pleural_effusion,0.8541207619907493,0.00460252477094551,0.7162053965388822,0.007158730179036998,0.16311035743471688,0.006212783337297433,0.48893866828237625,0.013555562804745689,0.12100718665695792,0.012915168036533161,0.12174865501860671,0.013491352715286474,1.365830412655994,0.2967448056427399,1.32241220114061,0.12346564655622479,0.9647879002717712,0.006812494531678835,0.38271512050761164,0.016886785924058095,0.3989096631338011,0.004921447065852532,0.9625842697053534,0.005430664713085267,0.32958764647631117,0.025535635900726755,0.15959331806602364,0.16667593414178333,patient,0.8484450262800481,0.859357780464544,0.7036935255070352,0.7286763299995295,1000
deit_tiny,head_mc_temperature,nih,cardiomegaly,0.8913477665789925,0.0058719991136268156,0.22298857912495876,0.0069194531560846035,0.020646424393349353,0.0003820273470114773,0.08280312104550043,0.00023432269348338896,0.006355299780670815,0.0037433478769516937,0.007148610186278773,0.0036268037931018278,-0.4698171423572502,0.5594537598196391,0.8648536168697672,0.15820224993070242,0.9000670690811536,0.01626338786449653,0.6995327700972863,0.019400626372599292,0.06681665152884936,0.0028519027434095482,0.996612025075207,0.00046076795455480337,0.09285310882011306,0.01678522700031265,0.01799709094037348,0.023509593112226286,patient,0.8743658345007461,0.9074492642329263,0.17845803375003563,0.27694200497471977,1000
deit_tiny,head_mc_temperature,nih,pleural_effusion,0.8780679868664883,0.000557451164078685,0.5062197436308163,0.0053593592734641595,0.07626601612968725,0.0005118794211271722,0.2521128073972308,0.0007819167755843483,0.009387253477585905,0.0050397966990232065,0.010531666573670785,0.003272403814914353,0.04141665673913251,0.17503243615480452,1.0334336545746305,0.05956055598484721,0.9211356466876972,0.006976264200691749,0.6316891040990439,0.006632513635228931,0.2523620880951905,0.00397015052155382,0.9834300660391078,0.0014932620197054434,0.2722235250782365,0.004884663177626104,0.07086748630697667,0.0816593709350377,patient,0.867665905104957,0.8877915459500911,0.47478363524568945,0.5417545729726739,1000
deit_tiny,head_mc_temperature,vinbig,cardiomegaly,0.8716564041922498,0.015543297872754947,0.5285934590441884,0.027907061628657793,0.09545814205794727,0.0038467890361013808,0.34764872296224175,0.007887903573480837,0.08536572834755575,0.006865831732678881,0.08552521212997564,0.00708439211526157,1.6009948630545512,0.9660009590465318,0.9394967139380525,0.2722929194418661,0.8932305998899285,0.014106775583903471,0.6690438257087221,0.03911521656512281,0.27256152965809827,0.02456433732273953,0.9784454579163059,0.0029999240054890543,0.17596933525156624,0.03320693298892574,0.09130554648693595,0.09960711643461781,image,0.864416311036281,0.878284591453275,0.5069296426182295,0.5507873430121347,1000
deit_tiny,head_mc_temperature,vinbig,pleural_effusion,0.9153872164345903,0.003475896297757179,0.6408006787608966,0.026433601803638174,0.025450170085010604,0.0009073372635510505,0.10953875087875177,0.001249442777063709,0.03278681378671948,0.0027539735384098313,0.02910223748994581,0.002511535245898649,0.6567462577560067,0.29232359521388285,1.671394057427636,0.08953804681104595,0.891167192429022,0.015046359643800392,0.7291608651257774,0.01901596076994488,0.12707314805489967,0.006124938812346216,0.9934678326306429,0.0007214991518193737,0.44107561442842513,0.019926504256847864,0.023742068493073917,0.02729430579409778,image,0.9027235542622958,0.9280117067827277,0.6084369655639456,0.6731167397108254,1000
deit_tiny,logistic,chexpert,cardiomegaly,0.8004590144003179,0.007681516228622868,0.38105706881065976,0.01841164054374111,0.08721236167849827,0.0004978934612791549,0.3363743772596071,0.0015025633389259827,0.06915156830176493,0.0020380630530311312,0.06910325823000772,0.001996083734073149,0.6044674142662708,0.09470150215643522,0.7284395520821162,0.009475414225363105,0.8246476565060635,0.014587223081923093,0.596035847705321,0.04100486018026537,0.1949866385851858,0.012629239722056838,0.9664389324055273,0.0006698884020969303,0.13722745074966383,0.004925549573195435,0.08384853352351371,0.0909580137100397,patient,0.7906901004751609,0.809225309634994,0.3605731007928919,0.4020384311888249,1000
deit_tiny,logistic,chexpert,pleural_effusion,0.854203884376497,0.004576544376304875,0.7162192924732383,0.0070637108204195664,0.1624411941549266,0.0041004749981428,0.48712386694800225,0.010039156800777462,0.12029505003291624,0.006232871605043151,0.1208023803873333,0.00560115705068392,1.3342345415547747,0.10554191729774695,1.3110091854587858,0.04701963663305201,0.9642561739335932,0.006297293620404467,0.3837183056203446,0.016944458055308156,0.39916888922295574,0.005069028409871206,0.9621145639977097,0.004921903334605798,0.3323380256450613,0.016853675862798716,0.15892075317633567,0.16597322539703765,patient,0.8485106913384576,0.8594519045929169,0.7036812760122022,0.7286104933686134,1000
deit_tiny,logistic,nih,cardiomegaly,0.8911572030750814,0.005763751459406313,0.22208096120819154,0.006830368007990829,0.020087905425084453,0.00021969067187365183,0.08118733431760666,0.0014148825645910318,0.0027368022521836264,0.0013482279004379736,0.0030454082328316592,0.0011049861210313831,-0.17752273959182355,0.11661884879593844,0.9465118439127597,0.03743355475445214,0.9040912139503688,0.017112475951942506,0.6956445212493599,0.020687282121950805,0.06630592312298095,0.002941591163127791,0.9967314842496933,0.000493729821249187,0.11739289043429464,0.009652601642519748,0.017352674237557236,0.022921073704630868,patient,0.8741048433547054,0.9072790676659579,0.17874949127199366,0.2758951563247069,1000
deit_tiny,logistic,nih,pleural_effusion,0.8780869794125975,0.0003870177079527785,0.5062310978217902,0.005651902303737989,0.07611485001705244,0.00043284244366398566,0.2516756553246209,0.0004580934768216522,0.007890352464207646,0.0031053158337659387,0.007117141846178107,0.0031269794698432166,0.021141461542054305,0.017106539210598605,1.0253846070986319,0.007450126320853919,0.9211356466876972,0.007302941316030074,0.6320261090122209,0.0068102844826207305,0.25253436592664236,0.003784929515571264,0.9834411796042847,0.0015208128958570754,0.27366604359649654,0.004130444512935224,0.07073139986915077,0.08146374347858308,patient,0.8677302174280236,0.8877313841599346,0.47491336808664386,0.5416568647230801,1000
deit_tiny,logistic,vinbig,cardiomegaly,0.8721626559223387,0.015734904668994406,0.5289858527581008,0.028005816557033245,0.09818536401081805,0.0016859847557823702,0.3529729257355357,0.009963746125827806,0.08986798061547203,0.0006974734672087026,0.09001228734106244,0.0007194281574486854,1.8725693078663654,0.23369231160872278,1.0152408687923515,0.06041297833614335,0.8985507246376812,0.009048880906357382,0.664997597552032,0.03171061913777069,0.27086817799836277,0.020921141971334867,0.9793306905630953,0.002658930744794491,0.15242692734071014,0.01455405593605316,0.09392396402307421,0.10250525092763593,image,0.864946381715861,0.8786774465024991,0.5073890926811969,0.5510713708591493,1000
deit_tiny,logistic,vinbig,pleural_effusion,0.9154829510099586,0.0036221964801440394,0.6402285438029639,0.026136110302253362,0.025382597378983143,0.0009830155346814862,0.10921668838537812,0.001180163008910184,0.03240921158677668,0.003012907331329248,0.028788273012990223,0.0008492384229985505,0.6215716943248649,0.11709386173712419,1.6573862292299044,0.02623383505838778,0.8916929547844373,0.012749059572010665,0.7300891116680591,0.02033992104891241,0.12757903340499713,0.0070726864817029856,0.9935055502149307,0.0005732534384063648,0.44255961367368163,0.02158851402147455,0.02367327012346328,0.02722550063309107,image,0.9028276225377895,0.9280979254968376,0.6078988416536545,0.6725602864740751,1000
deit_tiny,raw,chexpert,cardiomegaly,0.8004590144003179,0.007681516228622868,0.38105706881065976,0.01841164054374111,0.08639438245593446,0.003993941306342607,0.3448912992910193,0.01743523104191683,0.06598857070942703,0.012214877322609567,0.06579299731531872,0.012352893320640455,0.3917263809716551,0.5674400046777615,0.6401769142103023,0.11746353980172618,0.8246476565060635,0.014587223081923093,0.596035847705321,0.04100486018026537,0.1949866385851858,0.012629239722056838,0.9664389324055273,0.0006698884020969303,0.14531953776006726,0.03951117543556888,0.08310954668056228,0.09007006253762788,patient,0.7906901004751609,0.809225309634994,0.3605731007928919,0.4020384311888249,1000
deit_tiny,raw,chexpert,pleural_effusion,0.854203884376497,0.004576544376304875,0.7162192924732383,0.0070637108204195664,0.16702497603305386,0.010178574254157951,0.5055455973263234,0.031526820358622074,0.13447030071086852,0.024997119728480986,0.1346585135432923,0.02503980211618615,1.3636360390402331,0.2952790106633542,1.1926905524750635,0.10149168850044164,0.9642561739335932,0.006297293620404467,0.3837183056203446,0.016944458055308156,0.39916888922295574,0.005069028409871206,0.9621145639977097,0.004921903334605798,0.31349787321522876,0.04183573642143987,0.16333805346438762,0.17078081806684858,patient,0.8485106913384576,0.8594519045929169,0.7036812760122022,0.7286104933686134,1000
deit_tiny,raw,nih,cardiomegaly,0.8911572030750814,0.005763751459406313,0.22208096120819154,0.006830368007990829,0.020682827079669723,0.0003398916336727375,0.08318575734384548,0.00025945182765912223,0.007827183496735524,0.0011893294549547235,0.008364745037900325,0.002470833407395399,-0.4749001098227185,0.5579275109352776,0.8272374468117004,0.10675329327749798,0.9040912139503688,0.017112475951942506,0.6956445212493599,0.020687282121950805,0.06630592312298095,0.002941591163127791,0.9967314842496933,0.000493729821249187,0.09125367527670714,0.014933900076353982,0.01800871748155198,0.023581663438948488,patient,0.8741048433547054,0.9072790676659579,0.17874949127199366,0.2758951563247069,1000
deit_tiny,raw,nih,pleural_effusion,0.8780869794125975,0.0003870177079527785,0.5062310978217902,0.005651902303737989,0.076494241976657,0.00030562998488042843,0.2538599296184452,0.001886824481317551,0.014453832345569758,0.006193439503729209,0.014500278437294215,0.005208697146549335,0.03991999978444244,0.17558416194504872,0.9336410671270391,0.08539087563696186,0.9211356466876972,0.007302941316030074,0.6320261090122209,0.0068102844826207305,0.25253436592664236,0.003784929515571264,0.9834411796042847,0.0015208128958570754,0.27004565594565677,0.002916506254219893,0.07100388181052548,0.08199202703891138,patient,0.8677302174280236,0.8877313841599346,0.47491336808664386,0.5416568647230801,1000
deit_tiny,raw,vinbig,cardiomegaly,0.8721626559223387,0.015734904668994406,0.5289858527581008,0.028005816557033245,0.09635374308246232,0.005375002981351214,0.35790667528749226,0.025070277807041453,0.08741006535543631,0.010694278755838902,0.08749091211006292,0.010755625598263388,1.600132742603442,0.9662109843518325,0.8969611084038084,0.2103055830581014,0.8985507246376812,0.009048880906357382,0.664997597552032,0.03171061913777069,0.27086817799836277,0.020921141971334867,0.9793306905630953,0.002658930744794491,0.16823816961529683,0.046399051817486194,0.09215740416883636,0.10055622909914692,image,0.864946381715861,0.8786774465024991,0.5073890926811969,0.5510713708591493,1000
deit_tiny,raw,vinbig,pleural_effusion,0.9154829510099586,0.0036221964801440394,0.6402285438029639,0.026136110302253362,0.024962749677741633,0.0007632943594103458,0.1042681900329217,0.002672592022546475,0.024181254013308534,0.009540992052302666,0.02150624496774714,0.00632178946404993,0.6511109386853176,0.2915523673986131,1.5098860781801722,0.1496047148320982,0.8916929547844373,0.012749059572010665,0.7300891116680591,0.02033992104891241,0.12757903340499713,0.0070726864817029856,0.9935055502149307,0.0005732534384063648,0.4517801068046199,0.01676310332774344,0.02320660633883072,0.02686938777768468,image,0.9028276225377895,0.9280979254968376,0.6078988416536545,0.6725602864740751,1000
deit_tiny,temperature,chexpert,cardiomegaly,0.8004590144003179,0.007681516228622868,0.38105706881065976,0.01841164054374111,0.08572630473260844,0.0028868102574745778,0.33578821685177473,0.0028174271652127085,0.06371641715588025,0.008764854007109612,0.06333453835425013,0.009043718107783864,0.39175736837504666,0.5674161965877922,0.6688734029735302,0.15835074401255783,0.8246476565060635,0.014587223081923093,0.596035847705321,0.04100486018026537,0.1949866385851858,0.012629239722056838,0.9664389324055273,0.0006698884020969303,0.15192868248861183,0.028558573545170055,0.08246209307527828,0.08936587372102264,patient,0.7906901004751609,0.809225309634994,0.3605731007928919,0.4020384311888249,1000
deit_tiny,temperature,chexpert,pleural_effusion,0.854203884376497,0.004576544376304875,0.7162192924732383,0.0070637108204195664,0.1630150441914341,0.006172969876087497,0.48863129244442577,0.013483512599983217,0.12080990274366905,0.012843466002430302,0.12144340729184594,0.013333646963330373,1.3636308750206396,0.29527671598263655,1.3228410456418247,0.12307703713015808,0.9642561739335932,0.006297293620404467,0.3837183056203446,0.016944458055308156,0.39916888922295574,0.005069028409871206,0.9621145639977097,0.004921903334605798,0.3299794007263548,0.025371995549179117,0.15948337545392566,0.16657812000552072,patient,0.8485106913384576,0.8594519045929169,0.7036812760122022,0.7286104933686134,1000
deit_tiny,temperature,nih,cardiomegaly,0.8911572030750814,0.005763751459406313,0.22208096120819154,0.006830368007990829,0.02065137790485236,0.00039212268523862844,0.08283740805741954,0.0003002572662668258,0.006506778773885352,0.0036978611799072373,0.007012355475551146,0.0037221436242903657,-0.4748678202163344,0.5583675973556804,0.8630385448967529,0.15823116985580024,0.9040912139503688,0.017112475951942506,0.6956445212493599,0.020687282121950805,0.06630592312298095,0.002941591163127791,0.9967314842496933,0.000493729821249187,0.09263546519936942,0.017228788292752237,0.018004543007241542,0.023514898556849264,patient,0.8741048433547054,0.9072790676659579,0.17874949127199366,0.2758951563247069,1000
deit_tiny,temperature,nih,pleural_effusion,0.8780869794125975,0.0003870177079527785,0.5062310978217902,0.005651902303737989,0.07625514031816705,0.0005207376999065508,0.2520767442025771,0.0008218754178345282,0.009566001037636508,0.004777955668626035,0.01014694668613934,0.0034620089624945454,0.04005164401734762,0.17557754500314984,1.033162293956915,0.05994935704925331,0.9211356466876972,0.007302941316030074,0.6320261090122209,0.0068102844826207305,0.25253436592664236,0.003784929515571264,0.9834411796042847,0.0015208128958570754,0.27232730865277954,0.004969194233935218,0.07087161349648582,0.08165539007744745,patient,0.8677302174280236,0.8877313841599346,0.47491336808664386,0.5416568647230801,1000
deit_tiny,temperature,vinbig,cardiomegaly,0.8721626559223387,0.015734904668994406,0.5289858527581008,0.028005816557033245,0.0954241275844535,0.0038126825310198643,0.3472748514718354,0.007715306753094689,0.08534568206296383,0.006857349433117773,0.08548402308660963,0.0070108121523401075,1.6001378984153627,0.9662299951334534,0.939175968176456,0.2727117952197801,0.8985507246376812,0.009048880906357382,0.664997597552032,0.03171061913777069,0.27086817799836277,0.020921141971334867,0.9793306905630953,0.002658930744794491,0.1762629610083626,0.0329125127807731,0.09125959564663645,0.09956949705239564,image,0.864946381715861,0.8786774465024991,0.5073890926811969,0.5510713708591493,1000
deit_tiny,temperature,vinbig,pleural_effusion,0.9154829510099586,0.0036221964801440394,0.6402285438029639,0.026136110302253362,0.02546067948739496,0.000905248416341841,0.10955319986078771,0.0012264433139812104,0.03279690664396315,0.002620667543224823,0.02912400737970085,0.0022117243562896956,0.6510980113578578,0.29159539623123504,1.6695619304767675,0.09018662612014498,0.8916929547844373,0.012749059572010665,0.7300891116680591,0.02033992104891241,0.12757903340499713,0.0070726864817029856,0.9935055502149307,0.0005732534384063648,0.44084481199171127,0.0198806299998562,0.023757896558002808,0.027298234210355876,image,0.9028276225377895,0.9280979254968376,0.6078988416536545,0.6725602864740751,1000
densenet121,ensemble,chexpert,cardiomegaly,0.8155052339712148,,0.4093004198431386,,0.08625250143220937,,0.3381987423781598,,0.07061615555384487,,0.07061615555384487,,0.5510823219669355,,0.6824644671045655,,0.783677482792527,,0.6884036931653215,,0.22902298850574712,,0.964213094753965,,0.14672313525672498,,0.08281811676025784,0.09007980247307495,patient,0.805077198033843,0.8245536307756882,0.38571769947979784,0.43115611868383885,1000
densenet121,ensemble,chexpert,pleural_effusion,0.8764740760173031,,0.7607054206635525,,0.15900054566984284,,0.4796377033076314,,0.1365779390607608,,0.1365779390607608,,1.5055627516094872,,1.275361175295454,,0.9383197447713577,,0.5440523662628847,,0.46626739475074863,,0.9540836521968598,,0.34647969809805634,,0.155290803326753,0.1625517977382885,patient,0.8710014224783633,0.8819296517986612,0.7483740358750874,0.7725589261873571,1000
densenet121,ensemble,nih,cardiomegaly,0.9056775368029992,,0.24949209086798282,,0.01969385046733117,,0.07797212481679797,,0.002466244456611441,,0.003012277896715484,,-0.2675214446803348,,0.936075099213118,,0.89738430583501,,0.7425115207373272,,0.07676419965576592,,0.9967137057800116,,0.1347065774470958,,0.016964216050940627,0.022483581826011616,patient,0.8896140808992852,0.9208814899900148,0.19928896264422943,0.3087491023464753,1000
densenet121,ensemble,nih,pleural_effusion,0.8916792462996743,,0.5481503252776981,,0.07260236242541063,,0.2401616167243866,,0.00847602513807027,,0.01007085197430512,,-0.07452844062815622,,0.9942064737823253,,0.9238958990536278,,0.6634385143404459,,0.2703045685279188,,0.9847563383618988,,0.3071843256227219,,0.06734776521055823,0.07783045142920111,patient,0.8827030137843953,0.9008001857409795,0.5172681861541203,0.5800197408292853,1000
densenet121,ensemble,vinbig,cardiomegaly,0.8674299037109878,,0.47613995730747577,,0.10122088275802604,,0.3744092511268029,,0.09295503970651377,,0.09295966936316172,,1.5187185482182732,,0.8525450969666635,,0.8266373142542652,,0.758364312267658,,0.32046084915724343,,0.9694501018329938,,0.12622318529008758,,0.09692316771102406,0.10579094680322475,image,0.860009820007193,0.8740329675996638,0.45351849262536226,0.5002124760142662,1000
densenet121,ensemble,vinbig,pleural_effusion,0.9248327838523753,,0.689252434367664,,0.02453347396112652,,0.10735530750836911,,0.0396819680890135,,0.03338380630293414,,0.6230372323969735,,1.7798760205739688,,0.9037854889589906,,0.717488164856586,,0.1237313755128482,,0.9941159448249253,,0.4612076534712417,,0.022893656539473128,0.02625408315131857,image,0.9112238552159841,0.9373769185094204,0.6549379422306429,0.7220329012127068,1000
densenet121,ensemble_temperature,chexpert,cardiomegaly,0.8155052339712148,,0.4093004198431386,,0.08688722870251774,,0.347113540273412,,0.07293788940321458,,0.07293788940321458,,0.5511728271060833,,0.6573134938221743,,0.783677482792527,,0.6884036931653215,,0.22902298850574712,,0.964213094753965,,0.14044391916232046,,0.08342790384599733,0.0907616396829161,patient,0.805077198033843,0.8245536307756882,0.38571769947979784,0.43115611868383885,1000
densenet121,ensemble_temperature,chexpert,pleural_effusion,0.8764740760173031,,0.7607054206635525,,0.15822160603731578,,0.47635004070822007,,0.13370833526130155,,0.13370833526130155,,1.5055523744311785,,1.3060040772539454,,0.9383197447713577,,0.5440523662628847,,0.46626739475074863,,0.9540836521968598,,0.34968127744904487,,0.15456515152990502,0.16172345037290792,patient,0.8710014224783633,0.8819296517986612,0.7483740358750874,0.7725589261873571,1000
densenet121,ensemble_temperature,nih,cardiomegaly,0.9056775368029992,,0.24949209086798285,,0.019682414276916502,,0.07798117901422062,,0.0034995012858978942,,0.0028595280850410667,,-0.2671289958799542,,0.9017295766091306,,0.89738430583501,,0.7425115207373272,,0.07676419965576592,,0.9967137057800116,,0.13520905208308887,,0.01692768397897536,0.022498920720239214,patient,0.8896140808992852,0.9208814899900148,0.19928896264422943,0.3087491023464753,1000
densenet121,ensemble_temperature,nih,pleural_effusion,0.8916792462996743,,0.5481503252776981,,0.07267495778692075,,0.24033479049963996,,0.010710825565663223,,0.01190380944334639,,-0.07468417906347218,,1.0180366940450816,,0.9238958990536278,,0.6634385143404459,,0.2703045685279188,,0.9847563383618988,,0.3064915767553147,,0.067460765933135,0.07789081696743526,patient,0.8827030137843953,0.9008001857409795,0.5172681861541203,0.5800197408292853,1000
densenet121,ensemble_temperature,vinbig,cardiomegaly,0.8674299037109878,,0.47613995730747577,,0.10207969262246501,,0.3853525412399555,,0.094985552750473,,0.09498870343966549,,1.518712861253834,,0.8211034249201291,,0.8266373142542652,,0.758364312267658,,0.32046084915724343,,0.9694501018329938,,0.11880961481585228,,0.09773420397110585,0.10667546966617478,image,0.860009820007193,0.8740329675996638,0.45351849262536226,0.5002124760142662,1000
densenet121,ensemble_temperature,vinbig,pleural_effusion,0.9248327838523753,,0.689252434367664,,0.024813832246085788,,0.10930739984736305,,0.042370409134053204,,0.03554347115360832,,0.6230342387833009,,1.8226544981594135,,0.9037854889589906,,0.717488164856586,,0.1237313755128482,,0.9941159448249253,,0.4550505597607737,,0.023189476020765112,0.026519657233073517,image,0.9112238552159841,0.9373769185094204,0.6549379422306429,0.7220329012127068,1000
densenet121,head_mc,chexpert,cardiomegaly,0.8003693134869158,0.005551601513893239,0.3830169906144432,0.003972851151214576,0.08706448230491239,0.0018453052525752016,0.35801019674520845,0.00710386053616904,0.07007090104842556,0.005573801984984687,0.07004808867512073,0.00561321737352354,0.25785979423332006,0.2666940788839912,0.575579856489492,0.07943843518533061,0.8023598820058998,0.07177974434611603,0.6128951086851325,0.10387830528866057,0.2007326969344856,0.026219925107585876,0.9641841875661455,0.007603926889626959,0.13869038859098237,0.018255195551043768,0.08361466430327782,0.09089462909021584,patient,0.790147492746242,0.8091636267998713,0.36160211210016724,0.40337723778349327,1000
densenet121,head_mc,chexpert,pleural_effusion,0.8618626146167218,0.006335672005239731,0.7380085776021179,0.007341495101694672,0.1625681530469859,0.016878988607052284,0.5016556278274885,0.05543188354706444,0.13580484161065967,0.03298669061015233,0.1357942353841208,0.03299887127263682,1.2414293851355003,0.30503168609476583,1.0840250826946487,0.036161902984419396,0.9327070778683683,0.015362232836209041,0.5136809369748953,0.032002125946281275,0.44912426099097447,0.012111348086682669,0.9477104009617524,0.008517535865217552,0.33181620219396435,0.06937562184965788,0.15880625595806575,0.16616307934679106,patient,0.8564560040353101,0.8671537054896498,0.725665412112501,0.7497222836678691,1000
densenet121,head_mc,nih,cardiomegaly,0.8915989536811241,0.009416689165226548,0.22652099318159047,0.005427597487863012,0.0203746915676989,0.00026320184915493096,0.08245220962428258,0.0014897994634620717,0.006354313691181615,0.0008799654439882189,0.007489027538020138,0.0016568696302644544,-0.5812022162254792,0.2543783998991187,0.8007062966293811,0.008880604703911242,0.9020791415157613,0.02055205022943599,0.6912282386072709,0.030056223257405514,0.06549459184176971,0.005657050051756937,0.9966386085648901,0.0006561071272041512,0.10479229903165115,0.011564362654998238,0.017617707308564212,0.02318875227876381,patient,0.8752330028439241,0.9083403580923209,0.18112703794896112,0.2823691317519471,1000
densenet121,head_mc,nih,pleural_effusion,0.8834202199478821,0.0016217569110291337,0.5272442612619579,0.005442892515725009,0.07518869119110427,0.0012444626121152053,0.24988578392278696,0.001858586718686122,0.0177033054648819,0.009232201118001437,0.017813692941698784,0.010244422747508511,-0.1863771846534109,0.23781578521100427,0.8891203918847891,0.01551156938140235,0.9207413249211357,0.0044437806268078925,0.6416573546888026,0.00822236586540231,0.2575156834346674,0.005156536395817471,0.9835976337490017,0.0010812244275727645,0.28250401153781474,0.011875415276406278,0.06980465368255906,0.08054468660033473,patient,0.8739733227497397,0.8926445861641443,0.496539722451693,0.5601539436325256,1000
densenet121,head_mc,vinbig,cardiomegaly,0.8519612717287304,0.0011394493840129489,0.444939945900198,0.015773742769152967,0.10172094120626003,0.0030366358615335084,0.3932065348172908,0.013819417746537242,0.0924260477080286,0.00443765491061098,0.09243769309504772,0.00443318537933315,1.0922985258782354,0.180558212185251,0.7074855436188102,0.031056860271160343,0.8519537699504678,0.053960323398321165,0.6986824469564779,0.054104042198842905,0.28261795894827574,0.022170212259916715,0.9720884500005148,0.008285315944067981,0.12190649227021733,0.02621338540257148,0.09741422970113882,0.10631608368467661,image,0.8446532142553875,0.8587586161355433,0.424159834989945,0.4677454407275803,1000
densenet121,head_mc,vinbig,pleural_effusion,0.915831867025901,0.008322439132821378,0.6527170697445251,0.020088958722798107,0.026236363597809242,0.0011801140497898512,0.1117374092276387,0.009863886637913431,0.03654218187227435,0.013766093194133642,0.03147768696108945,0.010099672225077037,0.25871164268593416,0.5408151799098755,1.5620639785433106,0.16237244151324207,0.907465825446898,0.025933464679576256,0.6817738791423001,0.08761018904582153,0.11560282971016662,0.023311540212085667,0.9941204830635875,0.0010603842069121135,0.4238096109159321,0.025917096741591414,0.024581337820969516,0.027979201004631277,image,0.9026484562322968,0.9281810360564718,0.618255263004706,0.6854895631744735,1000
densenet121,head_mc_temperature,chexpert,cardiomegaly,0.8003693134869158,0.005551601513893239,0.3830169906144432,0.003972851151214572,0.0868214842887917,0.0017357800858745429,0.3568374223511562,0.025631285334040917,0.0690377539615339,0.0059227710526875465,0.06900799241305777,0.005936538522881794,0.25799808625079584,0.2667649151251785,0.5863796578039587,0.12630463655860305,0.8023598820058998,0.07177974434611603,0.6128951086851325,0.10387830528866057,0.2007326969344856,0.026219925107585876,0.9641841875661455,0.007603926889626959,0.1410943140643469,0.017171687370979283,0.08338027957373509,0.09064175527988702,patient,0.790147492746242,0.8091636267998713,0.36160211210016724,0.40337723778349327,1000
densenet121,head_mc_temperature,chexpert,pleural_effusion,0.8618626146167218,0.006335672005239731,0.7380085776021179,0.007341495101694672,0.15897584355738237,0.013011294330536051,0.48362607679309794,0.0357143838898219,0.12421324750551406,0.024327487013726206,0.12420118951946248,0.0243387661178362,1.2414861508535047,0.30514299942221534,1.1959438523948036,0.07119478624768585,0.9327070778683683,0.015362232836209041,0.5136809369748953,0.032002125946281275,0.44912426099097447,0.012111348086682669,0.9477104009617524,0.008517535865217552,0.3465812281395086,0.05347871583210383,0.15541741927833566,0.16239649823060115,patient,0.8564560040353101,0.8671537054896498,0.725665412112501,0.7497222836678691,1000
densenet121,head_mc_temperature,nih,cardiomegaly,0.8915989536811241,0.009416689165226496,0.22652099318159044,0.005427597487862998,0.020333924079896204,0.0002516247552134202,0.08211107315736677,0.0018436049432505126,0.005362681800138998,0.002707191357316792,0.006466657516025894,0.0019760435133131383,-0.5816999308796539,0.2540126745429178,0.8108453785664551,0.07536548900544815,0.9020791415157613,0.02055205022943599,0.6912282386072709,0.030056223257405514,0.06549459184176971,0.005657050051756937,0.9966386085648901,0.0006561071272041512,0.1065835099026891,0.011055697107014878,0.01758009194603521,0.023140175663985168,patient,0.8752330028439241,0.9083403580923209,0.18112703794896112,0.2823691317519471,1000
densenet121,head_mc_temperature,nih,pleural_effusion,0.8834202199478821,0.0016217569110291337,0.5272442612619579,0.005442892515725009,0.07531948525723355,0.001200906272529777,0.24922370769731228,0.002393409810182884,0.016835197804989894,0.010028701267069805,0.018238625789255232,0.010633665451522039,-0.18634321825865474,0.23786342456364068,0.9818620121330451,0.0745867007535328,0.9207413249211357,0.0044437806268078925,0.6416573546888026,0.00822236586540231,0.2575156834346674,0.005156536395817471,0.9835976337490017,0.0010812244275727645,0.2812558954145551,0.011459774327886363,0.07004468090947907,0.08059636146214504,patient,0.8739733227497397,0.8926445861641443,0.496539722451693,0.5601539436325256,1000
densenet121,head_mc_temperature,vinbig,cardiomegaly,0.8519612717287304,0.0011394493840129489,0.444939945900198,0.015773742769152985,0.10144717947478536,0.0019557624517800402,0.3902400639856016,0.014298013889638769,0.09175373098346208,0.002294154531204546,0.09176831880043991,0.0022873124075156823,1.0923006422250874,0.18056005588715135,0.7177583601942485,0.09048910012305976,0.8519537699504678,0.053960323398321165,0.6986824469564779,0.054104042198842905,0.28261795894827574,0.022170212259916715,0.9720884500005148,0.008285315944067981,0.12426970672952269,0.01688287869935723,0.09715633000136747,0.10601301034877796,image,0.8446532142553875,0.8587586161355433,0.424159834989945,0.4677454407275803,1000
densenet121,head_mc_temperature,vinbig,pleural_effusion,0.915831867025901,0.008322439132821378,0.6527170697445251,0.020088958722798107,0.02733618061260834,0.0014553408899248457,0.11872910221697304,0.010043812118695357,0.04600250668446348,0.013152426400153646,0.039485932529489336,0.010907360376676126,0.25866446315077857,0.540795709814392,1.7284828930223437,0.2511902673726583,0.907465825446898,0.025933464679576256,0.6817738791423001,0.08761018904582153,0.11560282971016662,0.023311540212085667,0.9941204830635875,0.0010603842069121135,0.3996559590077353,0.03196149613072785,0.02575114889009945,0.02901891730431495,image,0.9026484562322968,0.9281810360564718,0.618255263004706,0.6854895631744735,1000
densenet121,logistic,chexpert,cardiomegaly,0.8003579081670864,0.005870956016263763,0.38273665680410424,0.0036707633520303828,0.0886548529028232,0.002147792365100006,0.3541464308404123,0.023262788084862672,0.07310910811304232,0.006483088271742549,0.07310910811304232,0.006483088271742549,0.5109282749296966,0.16540388646107568,0.661898194996106,0.08140211395228797,0.804981973123566,0.0761034844703107,0.6087722354489674,0.11414253401602452,0.20033567760804147,0.0286239133918752,0.9645674364146029,0.008033749839658566,0.1229572050307145,0.02124763345967964,0.0851938686097372,0.0925718306126195,patient,0.7901642524737738,0.809141263710237,0.3616202646610886,0.40309650894856974,1000
densenet121,logistic,chexpert,pleural_effusion,0.8619906198458019,0.006225818108981022,0.7384148796207622,0.007237815920683878,0.1677611267450603,0.007394861165560743,0.5037540382661642,0.02362175746260464,0.14128174501290142,0.014097994855629957,0.14128174501290144,0.01409799485562995,1.5429159335699911,0.1324986027684608,1.297581274039266,0.042878759719525164,0.9325889164598843,0.01650573618113544,0.5141072906478068,0.035344261328396735,0.4493872126099195,0.013416062503635787,0.9477375791945292,0.009138958307163953,0.310472163878641,0.030394184378933337,0.1639965987963165,0.17137730413526286,patient,0.8565620189190014,0.8672881058422102,0.7262843772841034,0.7501994657461751,1000
densenet121,logistic,nih,cardiomegaly,0.8916435118648399,0.009736222950307051,0.22755153482197485,0.005134229212358701,0.019964449270663584,0.00010141947768541976,0.08082973400289072,0.001691133095465889,0.0018665405738439965,0.00029801901756485285,0.0029768253766632013,0.0005550054267126832,-0.20278883164396225,0.04838844881051049,0.9241995994683393,0.014416916396984924,0.9027498323272972,0.02170179703200998,0.687323988735279,0.03627918788481278,0.06490918752749984,0.006560567666466901,0.9966471668811607,0.0006688128402043791,0.12281721304562247,0.004456091870176398,0.017200562193165358,0.02281825028247152,patient,0.8753630994014621,0.908436964924705,0.18185784266349297,0.28340283636721453,1000
densenet121,logistic,nih,pleural_effusion,0.8834964384237526,0.0016865448372055786,0.5274953755543631,0.005483782078417771,0.07460381989841762,0.00018418961656489557,0.24722548919700427,0.0007319904605105155,0.009981144695789354,0.000644082205804442,0.011479022228825892,0.0013053571940619903,0.058862379255623376,0.02036385417454169,1.0641191817079372,0.013514173160008032,0.9211356466876972,0.0034149266710743436,0.6425087355220915,0.006244643484874784,0.2580300575463452,0.003994547212537958,0.9837015941931488,0.0008432627425402749,0.28808520732166976,0.0017576487754761391,0.06925430004659726,0.07992275147499832,patient,0.8740293032990923,0.8927532640315242,0.4968802202340915,0.5602779915357939,1000
densenet121,logistic,vinbig,cardiomegaly,0.8521521982485895,0.0012278104197296761,0.44592263758933,0.01618115694628094,0.10355060368543463,0.0014164721614567974,0.3910159781999649,0.01382323052408295,0.09483558332407595,0.002934469081552352,0.094852305296056,0.0029250905134175116,1.4279022371645398,0.0657689041824724,0.8175799647558434,0.035155769537508264,0.8541552008805725,0.05814289162312489,0.6950155526894773,0.06266251416709995,0.2814150723340763,0.02583844991488997,0.9724751683074494,0.008941642872330256,0.10611215606719056,0.012227521630311535,0.09915392719989043,0.10821427514203623,image,0.8448516055613663,0.8589255389125324,0.4249500025172054,0.46868320624198206,1000
densenet121,logistic,vinbig,pleural_effusion,0.9158763211041977,0.008291129312234318,0.6534735174549668,0.01965432290779487,0.027195424947677224,0.0012969962853994204,0.11775949788318618,0.00945076488574837,0.04453697323571378,0.013740636481705617,0.03927240087482007,0.011798135589133387,0.6785136474543026,0.19864861861276392,1.871285064187424,0.20727556455324936,0.9064143007360673,0.02805325251725359,0.6803815093288778,0.09242674682430052,0.11541673322460899,0.02435579099413876,0.994043983564821,0.0012067806412947417,0.4027471671715534,0.028484008141558305,0.025532239717891984,0.02900410812810262,image,0.9026590266423293,0.9280995475151266,0.61857741451919,0.6863753902732066,1000
densenet121,raw,chexpert,cardiomegaly,0.8003579081670864,0.005870956016263763,0.38273665680410424,0.0036707633520303828,0.08723236608147233,0.0018570134209369951,0.36053369918755296,0.007711997524127768,0.07061615551651623,0.005549540285476564,0.07061615551651623,0.0055495402854765525,0.25605230686726665,0.2696044803882386,0.5698005765133888,0.08079309466990217,0.804981973123566,0.0761034844703107,0.6087722354489674,0.11414253401602452,0.20033567760804147,0.0286239133918752,0.9645674364146029,0.008033749839658566,0.13702955162827798,0.018371021863623178,0.0837853012865736,0.09108048982285373,patient,0.7901642524737738,0.809141263710237,0.3616202646610886,0.40309650894856974,1000
densenet121,raw,chexpert,pleural_effusion,0.8619906198458019,0.006225818108981022,0.7384148796207622,0.007237815920683878,0.16274174697446822,0.0169454938454398,0.5027685421175221,0.05593474876921108,0.1365779389359454,0.032966669882221786,0.1365779389359454,0.03296666988222177,1.2410181568376852,0.3051119280886421,1.076044292824298,0.03547327372271708,0.9325889164598843,0.01650573618113544,0.5141072906478068,0.035344261328396735,0.4493872126099195,0.013416062503635787,0.9477375791945292,0.009138958307163953,0.33110270051748486,0.06964897011576586,0.15898304857201312,0.16635086573111177,patient,0.8565620189190014,0.8672881058422102,0.7262843772841034,0.7501994657461751,1000
densenet121,raw,nih,cardiomegaly,0.8916435118648399,0.009736222950307051,0.22755153482197485,0.005134229212358701,0.02036333639365881,0.00026109328423244146,0.08247109052416605,0.0015526705004008838,0.006435032396324855,0.000593213252047541,0.00736669359473652,0.001747706276806681,-0.5795924162755443,0.2596865907418771,0.7942595722744638,0.011477581202391611,0.9027498323272972,0.02170179703200998,0.687323988735279,0.03627918788481278,0.06490918752749984,0.006560567666466901,0.9966471668811607,0.0006688128402043791,0.10529121403179964,0.011471718133223117,0.01759454490982348,0.023187803038299887,patient,0.8753630994014621,0.908436964924705,0.18185784266349297,0.28340283636721453,1000
densenet121,raw,nih,pleural_effusion,0.8834964384237526,0.0016865448372055786,0.5274953755543631,0.005483782078417771,0.07515694199581378,0.0012215915225399852,0.24993752188938148,0.0016878761763488557,0.017607925905444795,0.008782951372357017,0.018134593075140093,0.010108254948612085,-0.18610595550104117,0.23731421785861667,0.8824490076476376,0.015158811486826837,0.9211356466876972,0.0034149266710743436,0.6425087355220915,0.006244643484874784,0.2580300575463452,0.003994547212537958,0.9837015941931488,0.0008432627425402749,0.28280698157090045,0.011657165500249462,0.06977344690276797,0.08052828889566038,patient,0.8740293032990923,0.8927532640315242,0.4968802202340915,0.5602779915357939,1000
densenet121,raw,vinbig,cardiomegaly,0.8521521982485895,0.0012278104197296761,0.44592263758933,0.01618115694628094,0.10189560251563524,0.003020928939775753,0.39580413117139607,0.013619200262566444,0.09295503967793955,0.004326596298277388,0.09296078300312971,0.0043295354455685255,1.0983578203117286,0.18080632099493166,0.7026449156666752,0.032001259315396685,0.8541552008805725,0.05814289162312489,0.6950155526894773,0.06266251416709995,0.2814150723340763,0.02583844991488997,0.9724751683074494,0.008941642872330256,0.12039875000991944,0.0260777973333072,0.09757465229465362,0.10648798421578679,image,0.8448516055613663,0.8589255389125324,0.4249500025172054,0.46868320624198206,1000
densenet121,raw,vinbig,pleural_effusion,0.9158763211041977,0.008291129312234318,0.6534735174549668,0.01965432290779487,0.026135346846501265,0.0011202423944877062,0.11120073785780075,0.009600634071581708,0.035882656362891494,0.013542882047549772,0.03096360463228562,0.009859436084134317,0.2591552194820072,0.5405734085863555,1.5511757523393837,0.16292708467526443,0.9064143007360673,0.02805325251725359,0.6803815093288778,0.09242674682430052,0.11541673322460899,0.02435579099413876,0.994043983564821,0.0012067806412947417,0.42602809218614174,0.024602224265646226,0.02447359761795436,0.02788897583437127,image,0.9026590266423293,0.9280995475151266,0.61857741451919,0.6863753902732066,1000
densenet121,temperature,chexpert,cardiomegaly,0.8003579081670864,0.005870956016263763,0.38273665680410424,0.0036707633520303828,0.0868636184924727,0.0017652672614839882,0.3572946849729926,0.026240677218123676,0.06911475457121759,0.005961989567465828,0.06908148994941431,0.00599109272727847,0.2562825542978226,0.2696939142787545,0.5854198228587569,0.12818309515578774,0.804981973123566,0.0761034844703107,0.6087722354489674,0.11414253401602452,0.20033567760804147,0.0286239133918752,0.9645674364146029,0.008033749839658566,0.14067748973324454,0.01746339745864487,0.0834394172339969,0.09069379368541845,patient,0.7901642524737738,0.809141263710237,0.3616202646610886,0.40309650894856974,1000
densenet121,temperature,chexpert,pleural_effusion,0.8619906198458019,0.006225818108981022,0.7384148796207622,0.007237815920683878,0.15890076961443914,0.012965138650822253,0.4834001116310598,0.03554157860694713,0.12410878138612479,0.02430341301092649,0.12410878138612479,0.02430341301092649,1.2410335038506712,0.3052815149233933,1.1965735230636243,0.07167621223937769,0.9325889164598843,0.01650573618113544,0.5141072906478068,0.035344261328396735,0.4493872126099195,0.013416062503635787,0.9477375791945292,0.009138958307163953,0.3468897952934798,0.053289007843279154,0.15535914598521683,0.16231959345090652,patient,0.8565620189190014,0.8672881058422102,0.7262843772841034,0.7501994657461751,1000
densenet121,temperature,nih,cardiomegaly,0.8916435118648399,0.009736222950307051,0.22755153482197485,0.005134229212358701,0.020329883388964215,0.00025818603349597903,0.08209834784917583,0.0019560737808161336,0.005308795562785763,0.0026973657987151146,0.006367972495225066,0.002240856062835539,-0.5803076013378781,0.2591937969508318,0.8110687508792728,0.07829053578436124,0.9027498323272972,0.02170179703200998,0.687323988735279,0.03627918788481278,0.06490918752749984,0.006560567666466901,0.9966471668811607,0.0006688128402043791,0.10676104670748095,0.01134398156163966,0.017578885433719087,0.02313996638798532,patient,0.8753630994014621,0.908436964924705,0.18185784266349297,0.28340283636721453,1000
densenet121,temperature,nih,pleural_effusion,0.8834964384237526,0.0016865448372055786,0.5274953755543631,0.005483782078417771,0.07530051874199123,0.0011948086779789537,0.24918548458010237,0.0023028469192147485,0.01698956621313844,0.00982161241783714,0.018697349777437686,0.010611502594816321,-0.18606400003811893,0.23737279926361377,0.9822440500597267,0.07473439179703495,0.9211356466876972,0.0034149266710743436,0.6425087355220915,0.006244643484874784,0.2580300575463452,0.003994547212537958,0.9837015941931488,0.0008432627425402749,0.2814368853797466,0.011401587390992247,0.07002926785360893,0.0805839020027066,patient,0.8740293032990923,0.8927532640315242,0.4968802202340915,0.5602779915357939,1000
densenet121,temperature,vinbig,cardiomegaly,0.8521521982485895,0.0012278104197296761,0.44592263758933,0.01618115694628094,0.10144826311976794,0.001950610832305275,0.3903390686477515,0.01468862302365947,0.09184864633272094,0.0022785292609780843,0.09185915511195254,0.002276097407979201,1.0983595367132681,0.1808081371533035,0.7188237582070359,0.09175731837098572,0.8541552008805725,0.05814289162312489,0.6950155526894773,0.06266251416709995,0.2814150723340763,0.02583844991488997,0.9724751683074494,0.008941642872330256,0.12426035229755798,0.01683840797817195,0.09715414166049241,0.10602139991657861,image,0.8448516055613663,0.8589255389125324,0.4249500025172054,0.46868320624198206,1000
densenet121,temperature,vinbig,pleural_effusion,0.9158763211041977,0.008291129312234318,0.6534735174549668,0.01965432290779487,0.027327917159845828,0.0014629109701351222,0.11873663360153337,0.010046201502605281,0.04595858645916521,0.013144360549537524,0.039675712255711613,0.010908359709287116,0.2591953622265915,0.5404435274183353,1.730100379835844,0.2527917031346362,0.9064143007360673,0.02805325251725359,0.6803815093288778,0.09242674682430052,0.11541673322460899,0.02435579099413876,0.994043983564821,0.0012067806412947417,0.39983743697988866,0.03212774658862754,0.02574364627974713,0.029015569854548767,image,0.9026590266423293,0.9280995475151266,0.61857741451919,0.6863753902732066,1000
resnet18,ensemble,chexpert,cardiomegaly,0.7915506221766123,,0.35710570562216126,,0.0927512636753412,,0.37274451277683507,,0.08093669183375765,,0.08093669183375765,,0.9238309134991058,,0.7402621319163323,,0.7413962635201573,,0.6932814586841647,,0.22209131075110455,,0.9578018451664662,,0.08243232189533145,,0.08919334318875329,0.09677857391527692,patient,0.7812913715811292,0.8021129610989473,0.3364833436880601,0.38033587056256934,1000
resnet18,ensemble,chexpert,pleural_effusion,0.8607573373713935,,0.7288402029205954,,0.18070913300996216,,0.5368869390532998,,0.16300442614099847,,0.16300442614099847,,1.896231239657505,,1.3459252150410712,,0.9537398085785183,,0.459258144609134,,0.4281508593252705,,0.958994501178319,,0.25725357316488706,,0.17660457816305025,0.18473026676236112,patient,0.8553329158364562,0.8665213004073065,0.7158393686074281,0.7412719937437109,1000
resnet18,ensemble,nih,cardiomegaly,0.8997540349624629,,0.24797757073849838,,0.019639987775777766,,0.07880163421653569,,0.001093633666663437,,0.001384894723902519,,-0.020957085126491873,,0.9965941170625406,,0.8913480885311871,,0.7198540706605223,,0.07055263577002707,,0.9964119601328904,,0.13707315542022847,,0.016902013298237213,0.022481735537172608,patient,0.8844976388944155,0.9149283275582899,0.19865662717899632,0.30897031373933953,1000
resnet18,ensemble,nih,pleural_effusion,0.8780561248306931,,0.5110604683673469,,0.0759985046257726,,0.2514802801160607,,0.007711820589604894,,0.00901719844121398,,0.073070312412509,,0.9822977171639456,,0.9231072555205048,,0.6232107699675411,,0.24846104860963703,,0.9836230788611741,,0.27477628172136537,,0.07046306748456727,0.0815142989068724,patient,0.8683833631602565,0.8875372345489572,0.4792831835650872,0.5453029016483844,1000
resnet18,ensemble,vinbig,cardiomegaly,0.883632742665025,,0.5324678026053941,,0.09912234810165282,,0.35212216509187894,,0.09175577435538557,,0.09182551378783022,,2.0659591715991894,,1.054645959549128,,0.8849752339020364,,0.722327592747136,,0.3052391799544419,,0.9785200411099692,,0.14433852747681397,,0.09493901946323804,0.10362495348887757,image,0.8765582109744514,0.8905909760027407,0.5097800665061492,0.5568695415574517,1000
resnet18,ensemble,vinbig,pleural_effusion,0.9073069327718175,,0.6056919052036633,,0.027146440871090343,,0.1147633293702615,,0.03332931472836082,,0.029559557055902026,,0.6796124854474951,,1.6794542952421023,,0.9053627760252366,,0.6396546922862713,,0.09982608695652175,,0.9935121107266436,,0.4038229318842316,,0.02535260605101927,0.02915777589645936,image,0.8930516900133466,0.9200390611289335,0.5676881918869767,0.6427879444830855,1000
resnet18,ensemble_temperature,chexpert,cardiomegaly,0.7915506221766123,,0.35710570562216126,,0.09285467525711648,,0.37435595756025597,,0.08127671565839299,,0.08127671565839299,,0.9238295804527946,,0.7360659159300215,,0.7413962635201573,,0.6932814586841647,,0.22209131075110455,,0.9578018451664662,,0.08140929405486119,,0.08929254147154916,0.09688734996196482,patient,0.7812913715811292,0.8021129610989473,0.3364833436880601,0.38033587056256934,1000
resnet18,ensemble_temperature,chexpert,pleural_effusion,0.8607573373713935,,0.7288402029205954,,0.1764079675570839,,0.519989918721839,,0.15087521311332075,,0.15087521311332075,,1.896229225398932,,1.4670074952501477,,0.9537398085785183,,0.459258144609134,,0.4281508593252705,,0.958994501178319,,0.27493212221296337,,0.17249363713952942,0.18023288501037465,patient,0.8553329158364562,0.8665213004073065,0.7158393686074281,0.7412719937437109,1000
resnet18,ensemble_temperature,nih,cardiomegaly,0.8997540349624629,,0.24797757073849838,,0.019640008316455893,,0.07880160401468753,,0.0009422400252795478,,0.0013069576300688609,,-0.0209197190971213,,0.9909428204425741,,0.8913480885311871,,0.7198540706605223,,0.07055263577002707,,0.9964119601328904,,0.13707225291953629,,0.016898192849203512,0.02248627860808727,patient,0.8844976388944155,0.9149283275582899,0.19865662717899632,0.30897031373933953,1000
resnet18,ensemble_temperature,nih,pleural_effusion,0.8780561248306931,,0.5110604683673469,,0.07604440537688528,,0.25140899583193904,,0.00789836323123795,,0.00952794802818317,,0.07303527876294522,,1.0706525741636865,,0.9231072555205048,,0.6232107699675411,,0.24846104860963703,,0.9836230788611741,,0.27433826897943525,,0.07060659534070507,0.0814952963080277,patient,0.8683833631602565,0.8875372345489572,0.4792831835650872,0.5453029016483844,1000
resnet18,ensemble_temperature,vinbig,cardiomegaly,0.883632742665025,,0.5324678026053941,,0.09926795409220572,,0.35357516833929553,,0.09209836950609154,,0.092164981823404,,2.0659251978260857,,1.0486596077315014,,0.8849752339020364,,0.722327592747136,,0.3052391799544419,,0.9785200411099692,,0.14308160168085804,,0.0950765034340623,0.10377578129626656,image,0.8765582109744514,0.8905909760027407,0.5097800665061492,0.5568695415574517,1000
resnet18,ensemble_temperature,vinbig,pleural_effusion,0.9073069327718175,,0.6056919052036633,,0.028091858807503336,,0.12182176845173659,,0.04345619932431437,,0.037976567439678054,,0.6796488131215057,,1.830536299814286,,0.9053627760252366,,0.6396546922862713,,0.09982608695652175,,0.9935121107266436,,0.38306011821921804,,0.026358533599397334,0.03003416991088805,image,0.8930516900133466,0.9200390611289335,0.5676881918869767,0.6427879444830855,1000
resnet18,head_mc,chexpert,cardiomegaly,0.7732575787898242,0.009319814770206963,0.3277588641742133,0.009225766217389918,0.0931406949191292,0.0007859661180859556,0.3924184494445258,0.01633768831785908,0.0805414588309329,0.0038885428160152927,0.08051824123763845,0.003870631534881197,0.48538445341878056,0.21868546080619206,0.6021738930184588,0.050428639473116994,0.7704031465093412,0.07168370887344584,0.6158759653910922,0.1142947889594071,0.1964636375650776,0.028758815617821756,0.9585669981986951,0.005924570104986706,0.07857976498144692,0.007775388468726607,0.08959974938018056,0.09715249813822462,patient,0.7637362806553744,0.7832707193950216,0.3097304878320586,0.34856629946536705,1000
resnet18,head_mc,chexpert,pleural_effusion,0.846519918927636,0.005210851062964247,0.7062732684888361,0.007983302881936166,0.18224333705478282,0.0029197045114385295,0.5494020739197941,0.008862055685021292,0.162299583664812,0.0028229516125807654,0.16229958366481198,0.002822951612580749,1.5974247637954688,0.07601131674923134,1.1690280992919984,0.05488954670969493,0.9462956398440269,0.0007725804579122446,0.4488250194367116,0.026955093489207202,0.421788895667631,0.01189351405511778,0.9515363184512381,0.003351771183611607,0.25094772379609115,0.012000500789109386,0.1781324921809787,0.18629995011504857,patient,0.8412202510856379,0.8521020911962747,0.6938085543593228,0.7183310690180789,1000
resnet18,head_mc,nih,cardiomegaly,0.8842695188025234,0.002376771632173523,0.22524821825201857,0.007417486901918033,0.0201275420232478,7.265759351019361e-05,0.0825302058000516,0.0005447834178664719,0.004593107995502503,0.0010062597863613224,0.004504151318776541,0.0008622823466597606,-0.38902477410269937,0.12349061038805938,0.8560073171555488,0.04029531000721404,0.9128101945003353,0.02931923942910041,0.6606502816180235,0.04081227672336767,0.06066986214887745,0.004805410611985033,0.996897152133733,0.0008959968929353787,0.11565136773206779,0.003192374079776016,0.01736961166642108,0.02298906812497179,patient,0.8678448787969656,0.9006491431869484,0.17770458537573883,0.28357517279422095,1000
resnet18,head_mc,nih,pleural_effusion,0.8712381959455002,0.0024445957651522466,0.495492678454945,0.002794351276292388,0.07747453721669961,0.00041596709192266316,0.25757086296780535,0.0020377786463537995,0.011454337412759604,0.0015288437690098948,0.0108507955632968,0.0008314702546813533,-0.024777748212104586,0.10852589155586988,0.909613851814977,0.025333575261394615,0.9211356466876972,0.003437617463360211,0.6115929690132851,0.0022363522906440883,0.24244382851936352,0.0013233338761897582,0.9828967616708341,0.0007419548503367103,0.26069108558278864,0.003969409695245528,0.07186977066299038,0.08306305603423222,patient,0.8612250758331969,0.8808850695087977,0.46392301988682094,0.529924425549031,1000
resnet18,head_mc,vinbig,cardiomegaly,0.8629746616235231,0.012806814374738514,0.48579558516856086,0.03419624577039371,0.09974921597336243,0.004551886406227605,0.3756500455581786,0.03691926213261258,0.09131598041298632,0.007194940404156807,0.09133482638046081,0.00715124885854388,1.430455356747256,0.005547052591907984,0.8352366961556267,0.08933355042695051,0.8849752339020363,0.032284005230737385,0.6622916824722455,0.046778026344264055,0.2669856523760066,0.021919981279445114,0.9768359056869599,0.0047814093599412065,0.13892716771327773,0.039293599271041126,0.09554785659943636,0.10426560710666014,image,0.8556812542944162,0.8697964780103523,0.46484979211974625,0.508577107505873,1000
resnet18,head_mc,vinbig,pleural_effusion,0.8980551770827935,0.0036722910857341167,0.568029750427352,0.055202865753983664,0.02823442153845344,0.0020811811345464414,0.11782336321482063,0.006344661738937091,0.03140382200820674,0.00675040588895555,0.02718818266584709,0.005175842645678744,0.3595861587929862,0.4324175912421219,1.5044995401263286,0.14181264072151045,0.9069400630914827,0.005686989393476365,0.621275410749095,0.03304327087522592,0.09598595772604283,0.007391966293472225,0.9934333499171072,0.0001143703195237418,0.37992922414127933,0.04570589834975708,0.026428729255763686,0.03024856068154541,image,0.8838426831127293,0.9103792629856509,0.5294639060838248,0.603979519596939,1000
resnet18,head_mc_temperature,chexpert,cardiomegaly,0.7732575787898242,0.009319814770206963,0.3277588641742133,0.009225766217389918,0.09262139271645786,0.0009240952721626903,0.38307188852070473,0.014980801059512125,0.07866531804231892,0.004917756103755364,0.0786194851158661,0.0048785571789947985,0.4853821689260173,0.21868732711901762,0.620800836403186,0.03339908365267233,0.7704031465093412,0.07168370887344584,0.6158759653910922,0.1142947889594071,0.1964636375650776,0.028758815617821756,0.9585669981986951,0.005924570104986706,0.08371710648449819,0.009141869551166566,0.08911150573516227,0.09660541501374438,patient,0.7637362806553744,0.7832707193950216,0.3097304878320586,0.34856629946536705,1000
resnet18,head_mc_temperature,chexpert,pleural_effusion,0.846519918927636,0.005210851062964247,0.7062732684888361,0.007983302881936166,0.1764548170702276,0.0023157346573879005,0.5243992367176865,0.006333970006445358,0.14559980013344484,0.001077263968486226,0.14559980013344484,0.001077263968486219,1.5973980772435505,0.07602760162438087,1.3204226517004163,0.052427583050386965,0.9462956398440269,0.0007725804579122446,0.4488250194367116,0.026955093489207202,0.421788895667631,0.01189351405511778,0.9515363184512381,0.003351771183611607,0.27473956244629955,0.009518078104985908,0.17261894724746973,0.18021823458023672,patient,0.8412202510856379,0.8521020911962747,0.6938085543593228,0.7183310690180789,1000
resnet18,head_mc_temperature,nih,cardiomegaly,0.8842695188025234,0.002376771632173523,0.22524821825201857,0.007417486901918033,0.020147969715137284,8.655922822319513e-05,0.08241454548265705,0.000470941795781258,0.004569281452266237,0.0007749600161215433,0.005033239158537163,0.0008964408382178714,-0.388987668351544,0.12337203019853638,0.8835524431497035,0.03899263158190267,0.9128101945003353,0.02931923942910041,0.6606502816180235,0.04081227672336767,0.06066986214887745,0.004805410611985033,0.996897152133733,0.0008959968929353787,0.11475383134327333,0.0038031735321151163,0.017415527745920163,0.022990431136243574,patient,0.8678448787969656,0.9006491431869484,0.17770458537573883,0.28357517279422095,1000
resnet18,head_mc_temperature,nih,pleural_effusion,0.8712381959455002,0.0024445957651522466,0.495492678454945,0.002794351276292388,0.0775087752531567,0.00041377612024371004,0.25677604037552854,0.0014236734552149973,0.009257929314195711,0.003215754105746483,0.00937632774691795,0.0034719350317424184,-0.02474262788659748,0.10859463031233876,1.0277584972092006,0.03321120117897596,0.9211356466876972,0.003437617463360211,0.6115929690132851,0.0022363522906440883,0.24244382851936352,0.0013233338761897582,0.9828967616708341,0.0007419548503367103,0.260364365521279,0.0039485021177152755,0.07202760976220969,0.08295118187775849,patient,0.8612250758331969,0.8808850695087977,0.46392301988682094,0.529924425549031,1000
resnet18,head_mc_temperature,vinbig,cardiomegaly,0.8629746616235231,0.012806814374738514,0.4857955851685609,0.03419624577039371,0.09903659563684726,0.003954832929300376,0.36600029267820416,0.028368235385426235,0.0896443245988608,0.005636592752254296,0.08966954372395412,0.005597771386301006,1.4304847832908116,0.005579919782747443,0.8606768189369669,0.06567454146172175,0.8849752339020363,0.032284005230737385,0.6622916824722455,0.046778026344264055,0.2669856523760066,0.021919981279445114,0.9768359056869599,0.0047814093599412065,0.14507877507700961,0.03413960860166421,0.09488882750003368,0.10350187130936613,image,0.8556812542944162,0.8697964780103523,0.46484979211974625,0.508577107505873,1000
resnet18,head_mc_temperature,vinbig,pleural_effusion,0.8980551770827935,0.0036722910857341167,0.568029750427352,0.055202865753983664,0.02962795570621851,0.0021657335297488884,0.12738184013075707,0.006119092627697654,0.04513132298467476,0.006296099024048125,0.03935618237380597,0.005270972776828072,0.35955962619383813,0.43252688249320115,1.7000565695236294,0.16511253882373567,0.9069400630914827,0.005686989393476365,0.621275410749095,0.03304327087522592,0.09598595772604283,0.007391966293472225,0.9934333499171072,0.0001143703195237418,0.3493250974934252,0.047562797355904234,0.027908912178344288,0.03155835494168184,image,0.8838426831127293,0.9103792629856509,0.5294639060838248,0.603979519596939,1000
resnet18,logistic,chexpert,cardiomegaly,0.7731889422697825,0.009131714132022576,0.32765948270487777,0.009003921897372348,0.09338669484662264,0.0009285518038068106,0.3809627338053348,0.013959975474191382,0.07992249058650891,0.004706140210137687,0.07990578081593404,0.004690549271201732,0.6647447444594369,0.2262312956996726,0.6747939898655896,0.0306799494266885,0.7717141920681744,0.07444171203924574,0.6122563536767126,0.11948748247935505,0.1955986519757494,0.02950826994411596,0.9586399585798593,0.0061728956319065595,0.07614614226473482,0.009185957030205166,0.08981556673281761,0.09741609108232452,patient,0.7636524389626821,0.783217279915259,0.30952344317726277,0.3486611790574838,1000
resnet18,logistic,chexpert,pleural_effusion,0.8466026501387564,0.0052333141342747105,0.706329687172817,0.008079847894335595,0.17791949355140532,0.00230251591822895,0.5277860686232473,0.0051717952164285754,0.147725929594978,0.005677240898644808,0.14772592959497802,0.005677240898644825,1.6570043650603192,0.1801069208873503,1.343899770677717,0.08161804945826774,0.9470046082949309,0.00283587380361576,0.44947708975998796,0.024840570590784598,0.4222257874052325,0.010846129373072394,0.9522510272689053,0.003454331980879906,0.26871948363376813,0.0094637467543007,0.17406679082070595,0.18172317624928158,patient,0.8413121863795715,0.8522439816542484,0.6938437965823571,0.7183165068043249,1000
resnet18,logistic,nih,cardiomegaly,0.884271627589397,0.0024399904111266804,0.2245258692519125,0.008159261468843066,0.020043306830268594,0.00015126196127384414,0.08201496003434938,0.0006977749189628692,0.002495160766505987,0.0004736697049020988,0.0028659943947700883,0.0007267498870343704,-0.1318774067803953,0.10688987132278702,0.9606022861886215,0.03539131385449628,0.9114688128772636,0.030975461405111964,0.6587461597542242,0.04482106770894223,0.06034204333949944,0.0052599084908464796,0.996844994674825,0.0009394045525212494,0.11935242957131009,0.006646033003542281,0.0172648720171617,0.02292457675353258,patient,0.8679563633256716,0.9005919337710927,0.17796455921115206,0.28269020028595215,1000
resnet18,logistic,nih,pleural_effusion,0.8712439835838377,0.002499188043495219,0.495622541190917,0.003057493005139987,0.07743946880057079,0.000427840236313151,0.2565986468717391,0.0016108650102269455,0.008393450367652865,0.0006149048119072403,0.008349142403474336,0.0014352289857862022,0.02019135872463124,0.03640811867955776,1.045149478741825,0.025348469892690184,0.9208727655099894,0.0033997153407933143,0.6123024530410259,0.0012547039985688175,0.24272431528900887,9.045406512607355e-05,0.9828614954215181,0.0006887681768256538,0.2610257296295936,0.004082710423528682,0.0719354308690365,0.08290891669372713,patient,0.8612275102233918,0.8809646148675492,0.46395413073548286,0.5300387220964896,1000
resnet18,logistic,vinbig,cardiomegaly,0.8632777668684201,0.012931106507807913,0.4864429748232552,0.03471193978170758,0.10064651802832612,0.0035882980038464455,0.3685365985933786,0.026382771013390493,0.09173618283600989,0.005056823865825997,0.0917722483507623,0.005002530423414281,1.6878993840511176,0.03379951627145457,0.9379455360669694,0.06625833073248448,0.8869932122546321,0.031770151907159136,0.6602938573198797,0.04942266894417706,0.26647762276544845,0.023530588587552567,0.9771677165243385,0.004646616830013628,0.13118131814098022,0.030975540961504535,0.09638276012083953,0.10522287114627482,image,0.8560761232554486,0.8700088005773845,0.46574356922092636,0.5094333483431036,1000
resnet18,logistic,vinbig,pleural_effusion,0.8979019944416481,0.003610871129549327,0.5679414283589616,0.055138330142943406,0.029500287870310254,0.0019935327493906595,0.12710221469616176,0.005765272925777066,0.04466207460677322,0.0058100414770634375,0.03780342940981802,0.004907373942634634,0.4269309158961465,0.23983994531818995,1.7260424464119222,0.11482885938822658,0.9064143007360673,0.006374529786005355,0.6220876264735914,0.03742350583875797,0.09624242181751075,0.008543920187954766,0.993403237999404,0.0002464068236607552,0.3521288770557593,0.043781006702436086,0.027769552485828918,0.03145073928778986,image,0.8836550202246323,0.9102409409743004,0.5292724651403388,0.603931450236598,1000
resnet18,raw,chexpert,cardiomegaly,0.7731889422697825,0.009131714132022576,0.32765948270487777,0.009003921897372348,0.0932629801098282,0.00080124751151367,0.3947047491681937,0.016644760076127,0.08093762147405055,0.0038426273051047127,0.08093669183262744,0.0038423703964118564,0.483837719365756,0.21783058217599818,0.5972890822092952,0.04953227976350397,0.7717141920681744,0.07444171203924574,0.6122563536767126,0.11948748247935505,0.1955986519757494,0.02950826994411596,0.9586399585798593,0.0061728956319065595,0.07737002471430598,0.007926563904295383,0.08971090481540527,0.09729344735477817,patient,0.7636524389626821,0.783217279915259,0.30952344317726277,0.3486611790574838,1000
resnet18,raw,chexpert,pleural_effusion,0.8466026501387564,0.0052333141342747105,0.706329687172817,0.008079847894335595,0.1824778758821124,0.002942398676664607,0.5506198394957571,0.008957070962836952,0.16300442597124556,0.0027968603653525334,0.16300442597124556,0.002796860365352537,1.595009004981361,0.07613063694315109,1.16119568362235,0.054226976919468026,0.9470046082949309,0.00283587380361576,0.44947708975998796,0.024840570590784598,0.4222257874052325,0.010846129373072394,0.9522510272689053,0.003454331980879906,0.2499837278261501,0.012093777813081063,0.17835541681181427,0.18651499297963417,patient,0.8413121863795715,0.8522439816542484,0.6938437965823571,0.7183165068043249,1000
resnet18,raw,nih,cardiomegaly,0.884271627589397,0.0024399904111266804,0.2245258692519125,0.008159261468843066,0.020122271131626675,9.092204058296899e-05,0.08257609856698422,0.0006067964018896717,0.004386727623955629,0.0009665282770245618,0.004333124794632889,0.0008910996942860351,-0.3888880320096617,0.1177455725834671,0.8493484516825566,0.038436539403906,0.9114688128772636,0.030975461405111964,0.6587461597542242,0.04482106770894223,0.06034204333949944,0.0052599084908464796,0.996844994674825,0.0009394045525212494,0.1158829561590397,0.003994863463193181,0.017361024255603298,0.022990133690021907,patient,0.8679563633256716,0.9005919337710927,0.17796455921115206,0.28269020028595215,1000
resnet18,raw,nih,pleural_effusion,0.8712439835838377,0.002499188043495219,0.495622541190917,0.003057493005139987,0.0774660093316268,0.00042660243419678545,0.25769820388000114,0.0021075306382704836,0.011494101882648072,0.0018426002213445271,0.011258639070717523,0.0008673239196498191,-0.02571052777799983,0.10797295606788919,0.9035513746778646,0.024932282409554456,0.9208727655099894,0.0033997153407933143,0.6123024530410259,0.0012547039985688175,0.24272431528900887,9.045406512607355e-05,0.9828614954215181,0.0006887681768256538,0.2607724638224265,0.004070898566733031,0.0718564263399752,0.08304870564741638,patient,0.8612275102233918,0.8809646148675492,0.46395413073548286,0.5300387220964896,1000
resnet18,raw,vinbig,cardiomegaly,0.8632777668684201,0.012931106507807913,0.4864429748232552,0.03471193978170758,0.09991086020320865,0.004560850688760069,0.3776047073464168,0.03748038018011085,0.09175577434114461,0.007138254565646151,0.09177907107055842,0.007100730736649397,1.4365240032460962,0.010409140280431719,0.8306737874604307,0.08965939431119833,0.8869932122546321,0.031770151907159136,0.6602938573198797,0.04942266894417706,0.26647762276544845,0.023530588587552567,0.9771677165243385,0.004646616830013628,0.13753179379020183,0.03937098233690605,0.0956910977003635,0.10443619664755474,image,0.8560761232554486,0.8700088005773845,0.46574356922092636,0.5094333483431036,1000
resnet18,raw,vinbig,pleural_effusion,0.8979019944416481,0.003610871129549327,0.5679414283589616,0.055138330142943406,0.028188157933771867,0.0020781086511487373,0.11746237335386563,0.006322349061005143,0.03080009623390867,0.006446006069420974,0.02640220628129329,0.00523289372239132,0.3580475084653494,0.4319805925114964,1.4943629122758886,0.14011455275538195,0.9064143007360673,0.006374529786005355,0.6220876264735914,0.03742350583875797,0.09624242181751075,0.008543920187954766,0.993403237999404,0.0002464068236607552,0.38094524315940764,0.0456384219482437,0.02637914819898713,0.030215379493554843,image,0.8836550202246323,0.9102409409743004,0.5292724651403388,0.603931450236598,1000
resnet18,temperature,chexpert,cardiomegaly,0.7731889422697825,0.009131714132022576,0.32765948270487777,0.009003921897372348,0.09262507841729589,0.0009418391187515443,0.38313181757040615,0.01514084199663834,0.07862883395357899,0.004918996064425779,0.07862798749018891,0.004918288584969945,0.48384337334920086,0.21782795101542643,0.6202681269524918,0.032756003433309984,0.7717141920681744,0.07444171203924574,0.6122563536767126,0.11948748247935505,0.1955986519757494,0.02950826994411596,0.9586399585798593,0.0061728956319065595,0.08368064466364382,0.009317405489654344,0.08909979651481895,0.09661625795130312,patient,0.7636524389626821,0.783217279915259,0.30952344317726277,0.3486611790574838,1000
resnet18,temperature,chexpert,pleural_effusion,0.8466026501387564,0.0052333141342747105,0.706329687172817,0.008079847894335595,0.1763582225617306,0.002324900184311068,0.524083137205543,0.006359778317834878,0.145410908816727,0.0010588992478631142,0.145410908816727,0.0010588992478631181,1.5950230339632963,0.0760870302058146,1.320587065397801,0.052550025141242705,0.9470046082949309,0.00283587380361576,0.44947708975998796,0.024840570590784598,0.4222257874052325,0.010846129373072394,0.9522510272689053,0.003454331980879906,0.2751365829224814,0.009555750038102096,0.17253313679403365,0.18012377326936807,patient,0.8413121863795715,0.8522439816542484,0.6938437965823571,0.7183165068043249,1000
resnet18,temperature,nih,cardiomegaly,0.884271627589397,0.0024399904111266804,0.2245258692519125,0.008159261468843066,0.020145532059502834,0.00010101896342557013,0.08241388970504956,0.0005127621177094605,0.004538877879653836,0.0009604211455480196,0.004889909995954892,0.0010731206165206367,-0.3893571309198614,0.11664250578447263,0.8829393445706243,0.0369054024342375,0.9114688128772636,0.030975461405111964,0.6587461597542242,0.04482106770894223,0.06034204333949944,0.0052599084908464796,0.996844994674825,0.0009394045525212494,0.11486093520244185,0.004438494379261087,0.017412503886815898,0.022988918227230554,patient,0.8679563633256716,0.9005919337710927,0.17796455921115206,0.28269020028595215,1000
resnet18,temperature,nih,pleural_effusion,0.8712439835838377,0.002499188043495219,0.495622541190917,0.003057493005139987,0.07749711145535461,0.00041997751279331983,0.2567704062747325,0.0014570306739259346,0.009346991808445858,0.0031305925260376915,0.009361905475291504,0.0032422616162861412,-0.025712381715372563,0.10798664166205636,1.0279067206212014,0.03322873447439361,0.9208727655099894,0.0033997153407933143,0.6123024530410259,0.0012547039985688175,0.24272431528900887,9.045406512607355e-05,0.9828614954215181,0.0006887681768256538,0.2604756685377389,0.004007679557922429,0.07200319646283038,0.0829324112315887,patient,0.8612275102233918,0.8809646148675492,0.46395413073548286,0.5300387220964896,1000
resnet18,temperature,vinbig,cardiomegaly,0.8632777668684201,0.012931106507807913,0.4864429748232552,0.03471193978170758,0.09903269169839272,0.003959126851060634,0.3658825172923433,0.028460729952447368,0.08968993958862759,0.0056349410051121625,0.08971491101429124,0.005596406005485998,1.4365248001531672,0.010403107830236836,0.8621991162250177,0.06643520897771028,0.8869932122546321,0.031770151907159136,0.6602938573198797,0.04942266894417706,0.26647762276544845,0.023530588587552567,0.9771677165243385,0.004646616830013628,0.14511247534532082,0.034176675352872755,0.09486750531075627,0.10350283114956008,image,0.8560761232554486,0.8700088005773845,0.46574356922092636,0.5094333483431036,1000
resnet18,temperature,vinbig,pleural_effusion,0.8979019944416481,0.003610871129549327,0.5679414283589616,0.055138330142943406,0.02964833330745961,0.0021714196218832918,0.12746776769769055,0.006126512581967116,0.04504235071347712,0.006268223878012981,0.03918945078795774,0.00543231992973266,0.3579828543231309,0.4320207267056771,1.7002115414134418,0.164756935892566,0.9064143007360673,0.006374529786005355,0.6220876264735914,0.03742350583875797,0.09624242181751075,0.008543920187954766,0.993403237999404,0.0002464068236607552,0.3488775744232431,0.047687672574494515,0.027930033375322183,0.031581011793751945,image,0.8836550202246323,0.9102409409743004,0.5292724651403388,0.603931450236598,1000
