model,domain,label,contrast,resampling_unit,seed_aggregation,estimate,ci_low,ci_high,p_centered_bootstrap,clusters,B,p_holm_12
resnet18,chexpert,cardiomegaly,temperature_minus_raw_Brier,patient,mean paired per-image loss over 3 fixed trained models,-0.00063790169253231,-0.0006813884599700962,-0.0005986167224472485,0.0004997501249375312,19255,2000,0.005997001499250375
resnet18,chexpert,pleural_effusion,temperature_minus_raw_Brier,patient,mean paired per-image loss over 3 fixed trained models,-0.006119653320381856,-0.006398101539333904,-0.005850171915342199,0.0004997501249375312,18933,2000,0.005997001499250375
resnet18,vinbig,cardiomegaly,temperature_minus_raw_Brier,image,mean paired per-image loss over 3 fixed trained models,-0.0008781685048159344,-0.0009322396557215773,-0.0008273606549762939,0.0004997501249375312,14998,2000,0.005997001499250375
resnet18,vinbig,pleural_effusion,temperature_minus_raw_Brier,image,mean paired per-image loss over 3 fixed trained models,0.0014601753736877415,0.0013467053290305282,0.0015682872119322528,0.0004997501249375312,14998,2000,0.005997001499250375
densenet121,chexpert,cardiomegaly,temperature_minus_raw_Brier,patient,mean paired per-image loss over 3 fixed trained models,-0.00036874758899962327,-0.00039661900404132697,-0.0003418574460755359,0.0004997501249375312,19255,2000,0.005997001499250375
densenet121,chexpert,pleural_effusion,temperature_minus_raw_Brier,patient,mean paired per-image loss over 3 fixed trained models,-0.0038409773600290723,-0.004038690698300456,-0.00364341958543732,0.0004997501249375312,18933,2000,0.005997001499250375
densenet121,vinbig,cardiomegaly,temperature_minus_raw_Brier,image,mean paired per-image loss over 3 fixed trained models,-0.00044733939586730177,-0.0004785275268332292,-0.0004176650056445027,0.0004997501249375312,14998,2000,0.005997001499250375
densenet121,vinbig,pleural_effusion,temperature_minus_raw_Brier,image,mean paired per-image loss over 3 fixed trained models,0.0011925703133445669,0.001108675781803338,0.001273782362493129,0.0004997501249375312,14998,2000,0.005997001499250375
deit_tiny,chexpert,cardiomegaly,temperature_minus_raw_Brier,patient,mean paired per-image loss over 3 fixed trained models,-0.000668077723326047,-0.0007131052700028161,-0.0006256032726120005,0.0004997501249375312,19255,2000,0.005997001499250375
deit_tiny,chexpert,pleural_effusion,temperature_minus_raw_Brier,patient,mean paired per-image loss over 3 fixed trained models,-0.004009931841619759,-0.004217031336232853,-0.003817293156581812,0.0004997501249375312,18933,2000,0.005997001499250375
deit_tiny,vinbig,cardiomegaly,temperature_minus_raw_Brier,image,mean paired per-image loss over 3 fixed trained models,-0.0009296154980088455,-0.0009834268512542658,-0.0008769330334407586,0.0004997501249375312,14998,2000,0.005997001499250375
deit_tiny,vinbig,pleural_effusion,temperature_minus_raw_Brier,image,mean paired per-image loss over 3 fixed trained models,0.0004979298096533313,0.00041688492236891986,0.0005774106384855343,0.0004997501249375312,14998,2000,0.005997001499250375
