model,domain,label,contrast,brier_difference,brier_ci_low,brier_ci_high,auroc_difference,auroc_low,auroc_high,auprc_low,auprc_high,rank_bootstrap_B,interpretation
resnet18,chexpert,cardiomegaly,100_percent_minus_10_percent_training_after_source_temperature,-0.004192282239785128,-0.004881064790872193,-0.0035432875755277353,0.12574849017261114,0.11652848057863285,0.13607062165485762,0.1442330753201906,0.1774498708551468,1000,"Exploratory, pointwise CIs; no non-inferiority or plateau claim."
resnet18,chexpert,pleural_effusion,100_percent_minus_10_percent_training_after_source_temperature,-0.0065228409950274305,-0.00794992999021022,-0.005202875619162263,0.08662139389335322,0.08182468492622424,0.0915869766015704,0.13715417007555128,0.1557088866495446,1000,"Exploratory, pointwise CIs; no non-inferiority or plateau claim."
resnet18,vinbig,cardiomegaly,100_percent_minus_10_percent_training_after_source_temperature,-0.009599263894089664,-0.010649672256833519,-0.008578635328842742,0.08152205402418833,0.07313663323507143,0.09039927895587607,0.13436661826976481,0.17538935489043966,1000,"Exploratory, pointwise CIs; no non-inferiority or plateau claim."
resnet18,vinbig,pleural_effusion,100_percent_minus_10_percent_training_after_source_temperature,-0.017797985401388314,-0.018501999704238024,-0.01708437832439207,0.08114099142587183,0.07089936002501912,0.0923990620810023,0.2573440657221641,0.3088516414645406,1000,"Exploratory, pointwise CIs; no non-inferiority or plateau claim."
densenet121,chexpert,cardiomegaly,100_percent_minus_10_percent_training_after_source_temperature,-0.010611915837912718,-0.011651779231056394,-0.0095784189693672,0.15791086877209348,0.14737297843635982,0.16826714870566759,0.20134372680146329,0.23767266614608,1000,"Exploratory, pointwise CIs; no non-inferiority or plateau claim."
densenet121,chexpert,pleural_effusion,100_percent_minus_10_percent_training_after_source_temperature,-0.02217162092198885,-0.02368555282318803,-0.020725736254679713,0.07529334563150836,0.07074454022776169,0.08002041395729843,0.12935037483145836,0.1459339020324345,1000,"Exploratory, pointwise CIs; no non-inferiority or plateau claim."
densenet121,vinbig,cardiomegaly,100_percent_minus_10_percent_training_after_source_temperature,-0.009615125192445015,-0.01067452378237524,-0.008536217918494795,0.07450828801055354,0.06644279191200847,0.08297286036688381,0.13634487913067275,0.17335090533247885,1000,"Exploratory, pointwise CIs; no non-inferiority or plateau claim."
densenet121,vinbig,pleural_effusion,100_percent_minus_10_percent_training_after_source_temperature,-0.01035301176790467,-0.01108814571477937,-0.009650646718556087,0.06070218117439885,0.05016103515856349,0.07218032241761746,0.19378521485616335,0.2457444841231653,1000,"Exploratory, pointwise CIs; no non-inferiority or plateau claim."
deit_tiny,chexpert,cardiomegaly,100_percent_minus_10_percent_training_after_source_temperature,-0.01017645135850876,-0.011230194172969847,-0.009133839846885318,0.09799713923936104,0.090422868705821,0.10529182443568287,0.13782645953858622,0.16723520662907637,1000,"Exploratory, pointwise CIs; no non-inferiority or plateau claim."
deit_tiny,chexpert,pleural_effusion,100_percent_minus_10_percent_training_after_source_temperature,0.007039425991900439,0.0054405442178124975,0.008646716118380759,0.03246603828552319,0.02885765838817527,0.03595248701837191,0.051381116152251514,0.06606303161008126,1000,"Exploratory, pointwise CIs; no non-inferiority or plateau claim."
deit_tiny,vinbig,cardiomegaly,100_percent_minus_10_percent_training_after_source_temperature,-0.01461972210418594,-0.015829631077176814,-0.013339487119857394,0.040214548909791814,0.03361545347186086,0.046894962078097235,0.11680435798536169,0.15036496520296733,1000,"Exploratory, pointwise CIs; no non-inferiority or plateau claim."
deit_tiny,vinbig,pleural_effusion,100_percent_minus_10_percent_training_after_source_temperature,-0.010131495686503957,-0.010778404613099065,-0.009486207292254073,0.06468432589828332,0.05493345067027344,0.07550934946761469,0.16344354704193553,0.20977358473200838,1000,"Exploratory, pointwise CIs; no non-inferiority or plateau claim."
