model,fraction,seed,method,cal_fraction,domain,label,uncertainty_score,aurc_error,aurc_brier,error_detection_auroc,positive_coverage_at_50,positive_coverage_at_80,positive_coverage_at_90
resnet18,1.0,17,raw,1.0,chexpert,cardiomegaly,entropy,0.09243048198529971,0.03919443172348654,0.8932854494980643,0.16175024582104228,0.4557522123893805,0.644542772861357
resnet18,1.0,17,raw,1.0,chexpert,pleural_effusion,entropy,0.27171447559005035,0.0908442586590091,0.6074703775162943,0.1467564693371145,0.5125841900035448,0.7261609358383552
resnet18,1.0,17,raw,1.0,nih,cardiomegaly,entropy,0.0611061587683572,0.003388096618755372,0.9754654407481312,0.03219315895372234,0.23943661971830985,0.4044265593561368
resnet18,1.0,17,raw,1.0,nih,pleural_effusion,entropy,0.114583648592186,0.023265340270644128,0.8663359803021515,0.061514195583596214,0.3253154574132492,0.6001577287066246
resnet18,1.0,17,raw,1.0,vinbig,cardiomegaly,entropy,0.06956354246184787,0.025603051569279153,0.8844747756409083,0.051733626857457346,0.33736929003852506,0.5756741882223445
resnet18,1.0,17,raw,1.0,vinbig,pleural_effusion,entropy,0.10470446044464253,0.0075546779257215,0.941363373554978,0.07886435331230283,0.17034700315457413,0.2823343848580442
resnet18,1.0,17,temperature,1.0,chexpert,cardiomegaly,entropy,0.09243048198529971,0.03905337454796375,0.8932854494980643,0.16175024582104228,0.4557522123893805,0.644542772861357
resnet18,1.0,17,temperature,1.0,chexpert,pleural_effusion,entropy,0.27171459276471915,0.08837962895068009,0.6074702002826773,0.1467564693371145,0.5125841900035448,0.7261609358383552
resnet18,1.0,17,temperature,1.0,nih,cardiomegaly,entropy,0.0611061587683572,0.0033872497456732403,0.9754654407481312,0.03219315895372234,0.23943661971830985,0.4044265593561368
resnet18,1.0,17,temperature,1.0,nih,pleural_effusion,entropy,0.11458363895336215,0.023228185895190524,0.8663360671240716,0.061514195583596214,0.3253154574132492,0.6001577287066246
resnet18,1.0,17,temperature,1.0,vinbig,cardiomegaly,entropy,0.06956354246184787,0.0254337870447866,0.8844747756409084,0.051733626857457346,0.33736929003852506,0.5756741882223445
resnet18,1.0,17,temperature,1.0,vinbig,pleural_effusion,entropy,0.10470443137070023,0.008007743600245316,0.9413634770465252,0.07886435331230283,0.17034700315457413,0.2823343848580442
resnet18,1.0,17,logistic,1.0,chexpert,cardiomegaly,entropy,0.09243120474705878,0.039034224059725064,0.893282097460529,0.16175024582104228,0.4557522123893805,0.644542772861357
resnet18,1.0,17,logistic,1.0,chexpert,pleural_effusion,entropy,0.2716943784912596,0.08832120168128152,0.6075382008194551,0.1467564693371145,0.5125841900035448,0.7263381779510811
resnet18,1.0,17,logistic,1.0,nih,cardiomegaly,entropy,0.06110786905707317,0.0033813970301172433,0.9754575832603918,0.03219315895372234,0.23943661971830985,0.4044265593561368
resnet18,1.0,17,logistic,1.0,nih,pleural_effusion,entropy,0.11454819020683295,0.023228365588519907,0.8664718566070777,0.061514195583596214,0.3257097791798107,0.6013406940063092
resnet18,1.0,17,logistic,1.0,vinbig,cardiomegaly,entropy,0.06956558230551926,0.02546712511920955,0.8844645481350405,0.051733626857457346,0.33736929003852506,0.5756741882223445
resnet18,1.0,17,logistic,1.0,vinbig,pleural_effusion,entropy,0.10469798139012851,0.008006464659627,0.9413890770919259,0.07886435331230283,0.17034700315457413,0.2823343848580442
resnet18,1.0,17,head_mc,1.0,chexpert,cardiomegaly,entropy,0.0920186721669208,0.03918475997912683,0.8932613714711731,0.1607669616519174,0.45132743362831856,0.643559488692232
resnet18,1.0,17,head_mc,1.0,chexpert,cardiomegaly,variance,0.09285036965986655,0.039120111487665664,0.8907309666297925,0.1597836774827925,0.4611602753195674,0.6470009832841691
resnet18,1.0,17,head_mc,1.0,chexpert,cardiomegaly,mutual_information,0.0967519220549314,0.03975476658028478,0.8800526501496838,0.16371681415929204,0.47148475909537857,0.6656833824975418
resnet18,1.0,17,head_mc,1.0,chexpert,pleural_effusion,entropy,0.27439548130715574,0.09074161645375317,0.6055763366647934,0.1478199220134704,0.5120524636653669,0.7256292095001773
resnet18,1.0,17,head_mc,1.0,chexpert,pleural_effusion,variance,0.276023776704106,0.0910195368316738,0.6095174377306763,0.1513647642679901,0.5359801488833746,0.7486706841545552
resnet18,1.0,17,head_mc,1.0,chexpert,pleural_effusion,mutual_information,0.28650372884524355,0.10059885115478097,0.6171763150264893,0.21393123006026232,0.5918114143920595,0.7777383906416164
resnet18,1.0,17,head_mc,1.0,nih,cardiomegaly,entropy,0.060788222465467605,0.003391710057554541,0.9754947092379829,0.03420523138832998,0.23742454728370221,0.40040241448692154
resnet18,1.0,17,head_mc,1.0,nih,cardiomegaly,variance,0.061630002500014915,0.0034272094736716692,0.9728920814883278,0.03621730382293763,0.22937625754527163,0.3983903420523139
resnet18,1.0,17,head_mc,1.0,nih,cardiomegaly,mutual_information,0.0649192610104427,0.0036072197286338994,0.96284512727487,0.03621730382293763,0.2414486921529175,0.4164989939637827
resnet18,1.0,17,head_mc,1.0,nih,pleural_effusion,entropy,0.11568932294892852,0.02326621413973241,0.8658240792606751,0.0611198738170347,0.32334384858044163,0.6005520504731862
resnet18,1.0,17,head_mc,1.0,nih,pleural_effusion,variance,0.11614571576968286,0.02377904800766378,0.8661368024315641,0.061908517350157725,0.35646687697160884,0.6320977917981072
resnet18,1.0,17,head_mc,1.0,nih,pleural_effusion,mutual_information,0.12417684947347839,0.026858460891024616,0.8512635105610961,0.08635646687697161,0.45386435331230285,0.6861198738170347
resnet18,1.0,17,head_mc,1.0,vinbig,cardiomegaly,entropy,0.06990619584015145,0.025604367355823443,0.8844513521683575,0.053384700055035775,0.3406714364336819,0.5740231150247661
resnet18,1.0,17,head_mc,1.0,vinbig,cardiomegaly,variance,0.07023455442774831,0.026490095155733633,0.884277094081857,0.05778756191524491,0.3538800220143093,0.5982388552559164
resnet18,1.0,17,head_mc,1.0,vinbig,cardiomegaly,mutual_information,0.07226979903377787,0.02812781872566268,0.8792635508059738,0.06384149697303247,0.38635112823335166,0.6252063841496973
resnet18,1.0,17,head_mc,1.0,vinbig,pleural_effusion,entropy,0.1055619551283424,0.007573172561274713,0.9412606032755729,0.07886435331230283,0.1719242902208202,0.2807570977917981
resnet18,1.0,17,head_mc,1.0,vinbig,pleural_effusion,variance,0.11236186113821758,0.007523729385922016,0.9247288352264854,0.07413249211356467,0.167192429022082,0.2697160883280757
resnet18,1.0,17,head_mc,1.0,vinbig,pleural_effusion,mutual_information,0.14407550035875125,0.008557989256808585,0.8563274441980945,0.07886435331230283,0.22555205047318613,0.3675078864353312
resnet18,1.0,17,head_mc_temperature,1.0,chexpert,cardiomegaly,entropy,0.0920186721669208,0.039061158076576036,0.8932613714711731,0.1607669616519174,0.45132743362831856,0.643559488692232
resnet18,1.0,17,head_mc_temperature,1.0,chexpert,pleural_effusion,entropy,0.27439548130715574,0.08842078931104068,0.6055763366647934,0.1478199220134704,0.5120524636653669,0.7256292095001773
resnet18,1.0,17,head_mc_temperature,1.0,nih,cardiomegaly,entropy,0.060788222465467605,0.00339122749226934,0.9754947092379829,0.03420523138832998,0.23742454728370221,0.40040241448692154
resnet18,1.0,17,head_mc_temperature,1.0,nih,pleural_effusion,entropy,0.11568932294892852,0.02323436633200709,0.8658240792606751,0.0611198738170347,0.32334384858044163,0.6005520504731862
resnet18,1.0,17,head_mc_temperature,1.0,vinbig,cardiomegaly,entropy,0.06990619584015145,0.025456172574789316,0.8844513521683575,0.053384700055035775,0.3406714364336819,0.5740231150247661
resnet18,1.0,17,head_mc_temperature,1.0,vinbig,pleural_effusion,entropy,0.1055619551283424,0.008007606453462572,0.9412606032755729,0.07886435331230283,0.1719242902208202,0.2807570977917981
resnet18,1.0,43,raw,1.0,chexpert,cardiomegaly,entropy,0.09432458410730854,0.039697758738060716,0.8922811318124912,0.1592920353982301,0.4631268436578171,0.6484759095378564
resnet18,1.0,43,raw,1.0,chexpert,pleural_effusion,entropy,0.23926040041116867,0.08532448363238619,0.6266758700095956,0.1315136476426799,0.5047855370436015,0.7261609358383552
resnet18,1.0,43,raw,1.0,nih,cardiomegaly,entropy,0.06070261866003097,0.003449032245421734,0.9754641739569022,0.030181086519114688,0.22535211267605634,0.4024144869215292
resnet18,1.0,43,raw,1.0,nih,pleural_effusion,entropy,0.11412239791249244,0.02277334288394087,0.8681355585902657,0.056782334384858045,0.3308359621451104,0.6186908517350158
resnet18,1.0,43,raw,1.0,vinbig,cardiomegaly,entropy,0.10062118281786833,0.024250814021886197,0.8699714750353326,0.05283434232250963,0.3291139240506329,0.5624656026417171
resnet18,1.0,43,raw,1.0,vinbig,pleural_effusion,entropy,0.1069164038108442,0.007068180934274731,0.9441066209175243,0.06624605678233439,0.20347003154574134,0.3422712933753943
resnet18,1.0,43,temperature,1.0,chexpert,cardiomegaly,entropy,0.09432458410730854,0.03968347198560875,0.8922811318124912,0.1592920353982301,0.4631268436578171,0.6484759095378564
resnet18,1.0,43,temperature,1.0,chexpert,pleural_effusion,entropy,0.2392604588499042,0.08316230105523674,0.6266756768702606,0.1315136476426799,0.5047855370436015,0.7261609358383552
resnet18,1.0,43,temperature,1.0,nih,cardiomegaly,entropy,0.06070261866003097,0.0034489990696598945,0.9754641739569022,0.030181086519114688,0.22535211267605634,0.4024144869215292
resnet18,1.0,43,temperature,1.0,nih,pleural_effusion,entropy,0.11412238748747652,0.022809503084945008,0.8681355537691842,0.056782334384858045,0.3308359621451104,0.6186908517350158
resnet18,1.0,43,temperature,1.0,vinbig,cardiomegaly,entropy,0.10062117834419973,0.024232529433873252,0.869971495180224,0.05283434232250963,0.3291139240506329,0.5624656026417171
resnet18,1.0,43,temperature,1.0,vinbig,pleural_effusion,entropy,0.10691636844006289,0.007481342521506528,0.9441067610803375,0.06624605678233439,0.20347003154574134,0.3422712933753943
resnet18,1.0,43,logistic,1.0,chexpert,cardiomegaly,entropy,0.09432471640788069,0.03966766663937396,0.8922805192922015,0.1592920353982301,0.4631268436578171,0.6484759095378564
resnet18,1.0,43,logistic,1.0,chexpert,pleural_effusion,entropy,0.23946307387848093,0.08429181020714205,0.6259299834560358,0.1315136476426799,0.5037220843672456,0.7222616093583836
resnet18,1.0,43,logistic,1.0,nih,cardiomegaly,entropy,0.06070680725183726,0.003445151778953477,0.9754447444971053,0.030181086519114688,0.22535211267605634,0.4024144869215292
resnet18,1.0,43,logistic,1.0,nih,pleural_effusion,entropy,0.1148219542526096,0.022772668122867677,0.8654417937817114,0.056782334384858045,0.31703470031545744,0.5784700315457413
resnet18,1.0,43,logistic,1.0,vinbig,cardiomegaly,entropy,0.1006232618623442,0.02430314351750148,0.8699621580230947,0.05283434232250963,0.3291139240506329,0.5624656026417171
resnet18,1.0,43,logistic,1.0,vinbig,pleural_effusion,entropy,0.10706891957129416,0.007455629434693849,0.943496426782684,0.06624605678233439,0.20347003154574134,0.334384858044164
resnet18,1.0,43,head_mc,1.0,chexpert,cardiomegaly,entropy,0.09424281726755192,0.03967007085173086,0.8923997366908955,0.15880039331366766,0.4606686332350049,0.6509341199606686
resnet18,1.0,43,head_mc,1.0,chexpert,cardiomegaly,variance,0.09632921381106622,0.03998832835371877,0.8871644388765495,0.16273352999016716,0.4611602753195674,0.6592920353982301
resnet18,1.0,43,head_mc,1.0,chexpert,cardiomegaly,mutual_information,0.10392377053663959,0.04152481010497372,0.8676962901579707,0.16764995083579154,0.4823008849557522,0.6814159292035398
resnet18,1.0,43,head_mc,1.0,chexpert,pleural_effusion,entropy,0.23654860249261708,0.08531291642473558,0.6287301652855716,0.1327543424317618,0.5033676001417937,0.7258064516129032
resnet18,1.0,43,head_mc,1.0,chexpert,pleural_effusion,variance,0.2369428320584871,0.08568832413922856,0.632303710771134,0.1382488479262673,0.5184331797235023,0.739985820630982
resnet18,1.0,43,head_mc,1.0,chexpert,pleural_effusion,mutual_information,0.24202682910219908,0.09390204818004266,0.6415425542649065,0.20187876639489544,0.5778092874867068,0.7635590216235377
resnet18,1.0,43,head_mc,1.0,nih,cardiomegaly,entropy,0.0613048661071805,0.0034430215369998483,0.9753823574711608,0.030181086519114688,0.22736418511066397,0.4024144869215292
resnet18,1.0,43,head_mc,1.0,nih,cardiomegaly,variance,0.06282757740092637,0.0034391274038254598,0.9706162207444764,0.02414486921529175,0.20724346076458752,0.39436619718309857
resnet18,1.0,43,head_mc,1.0,nih,cardiomegaly,mutual_information,0.06775821640314264,0.003638115408202441,0.9554878110906684,0.03822937625754527,0.23138832997987926,0.3983903420523139
resnet18,1.0,43,head_mc,1.0,nih,pleural_effusion,entropy,0.11271477180300345,0.022781011325823494,0.8687630643418474,0.055205047318611984,0.3308359621451104,0.6190851735015773
resnet18,1.0,43,head_mc,1.0,nih,pleural_effusion,variance,0.11321531413183666,0.02333586951508978,0.8686008469504253,0.05796529968454259,0.36080441640378547,0.6423501577287066
resnet18,1.0,43,head_mc,1.0,nih,pleural_effusion,mutual_information,0.11867838441623398,0.02572018182834097,0.858721583424346,0.07373817034700315,0.4270504731861199,0.6766561514195584
resnet18,1.0,43,head_mc,1.0,vinbig,cardiomegaly,entropy,0.10093711358378678,0.024294477813974362,0.8699877808412713,0.05118326912493121,0.3329664281783159,0.5646670335718217
resnet18,1.0,43,head_mc,1.0,vinbig,cardiomegaly,variance,0.1011098258720133,0.025181041720872866,0.8708484689284839,0.05228398458998349,0.35663181067694,0.5899834892680242
resnet18,1.0,43,head_mc,1.0,vinbig,cardiomegaly,mutual_information,0.10362314263755541,0.02745807108959961,0.8671360534972916,0.06108970831040176,0.3929554210236654,0.6340121078701155
resnet18,1.0,43,head_mc,1.0,vinbig,pleural_effusion,entropy,0.10432036258011787,0.0070836670561008645,0.9445649016682404,0.06466876971608833,0.20031545741324921,0.3438485804416404
resnet18,1.0,43,head_mc,1.0,vinbig,pleural_effusion,variance,0.10821181121923623,0.00712374160513453,0.9349494573061088,0.06466876971608833,0.18769716088328076,0.29652996845425866
resnet18,1.0,43,head_mc,1.0,vinbig,pleural_effusion,mutual_information,0.13052260680268385,0.008796867781056162,0.8845283334244107,0.07570977917981073,0.25709779179810727,0.416403785488959
resnet18,1.0,43,head_mc_temperature,1.0,chexpert,cardiomegaly,entropy,0.09424281726755192,0.03967605553126745,0.8923997366908955,0.15880039331366766,0.4606686332350049,0.6509341199606686
resnet18,1.0,43,head_mc_temperature,1.0,chexpert,pleural_effusion,entropy,0.23654860249261708,0.08327596761342347,0.6287301652855716,0.1327543424317618,0.5033676001417937,0.7258064516129032
resnet18,1.0,43,head_mc_temperature,1.0,nih,cardiomegaly,entropy,0.0613048661071805,0.0034430246328029475,0.9753823574711608,0.030181086519114688,0.22736418511066397,0.4024144869215292
resnet18,1.0,43,head_mc_temperature,1.0,nih,pleural_effusion,entropy,0.11271477180300345,0.02281755548261281,0.8687630643418474,0.055205047318611984,0.3308359621451104,0.6190851735015773
resnet18,1.0,43,head_mc_temperature,1.0,vinbig,cardiomegaly,entropy,0.10093711358378678,0.02430209737304392,0.8699877808412713,0.05118326912493121,0.3329664281783159,0.5646670335718217
resnet18,1.0,43,head_mc_temperature,1.0,vinbig,pleural_effusion,entropy,0.10432036258011787,0.0074783788045568135,0.9445649016682404,0.06466876971608833,0.20031545741324921,0.3438485804416404
resnet18,1.0,101,raw,1.0,chexpert,cardiomegaly,entropy,0.20027400726019623,0.041544933256591185,0.8667854935700028,0.1873156342182891,0.4872173058013766,0.668141592920354
resnet18,1.0,101,raw,1.0,chexpert,pleural_effusion,entropy,0.23694342799191942,0.0874140340647194,0.6322393397520852,0.1380716058135413,0.5140021269053527,0.7298830202056008
resnet18,1.0,101,raw,1.0,nih,cardiomegaly,entropy,0.09501401848758255,0.003523295364659661,0.9720902802009643,0.02414486921529175,0.24949698189134809,0.4346076458752515
resnet18,1.0,101,raw,1.0,nih,pleural_effusion,entropy,0.11370287526233294,0.02364857422949076,0.8669568284442095,0.06466876971608833,0.3229495268138801,0.581230283911672
resnet18,1.0,101,raw,1.0,vinbig,cardiomegaly,entropy,0.10664398702558728,0.029130546121472638,0.8736255262125844,0.07044578976334617,0.38470005503577326,0.6180517336268575
resnet18,1.0,101,raw,1.0,vinbig,pleural_effusion,entropy,0.07530128802758498,0.006764448500125127,0.9476827612532784,0.056782334384858045,0.1829652996845426,0.30441640378548895
resnet18,1.0,101,temperature,1.0,chexpert,cardiomegaly,entropy,0.20027400726019623,0.041353197939974023,0.8667854935700028,0.1873156342182891,0.4872173058013766,0.668141592920354
resnet18,1.0,101,temperature,1.0,chexpert,pleural_effusion,entropy,0.2369433680783631,0.08463529886393932,0.6322395152578256,0.1380716058135413,0.5140021269053527,0.7298830202056008
resnet18,1.0,101,temperature,1.0,nih,cardiomegaly,entropy,0.09501401848758255,0.003521575169152277,0.9720902802009643,0.02414486921529175,0.24949698189134809,0.4346076458752515
resnet18,1.0,101,temperature,1.0,nih,pleural_effusion,entropy,0.11370286120459004,0.023591882887300228,0.8669568622519034,0.06466876971608833,0.3229495268138801,0.581230283911672
resnet18,1.0,101,temperature,1.0,vinbig,cardiomegaly,entropy,0.10664398702558728,0.028943280765260437,0.8736255262125844,0.07044578976334617,0.38470005503577326,0.6180517336268575
resnet18,1.0,101,temperature,1.0,vinbig,pleural_effusion,entropy,0.07530126900579631,0.0070958937884613325,0.9476828220504806,0.056782334384858045,0.1829652996845426,0.30441640378548895
resnet18,1.0,101,logistic,1.0,chexpert,cardiomegaly,entropy,0.20027428027033395,0.04134548581126932,0.8667844029493148,0.1873156342182891,0.4872173058013766,0.668141592920354
resnet18,1.0,101,logistic,1.0,chexpert,pleural_effusion,entropy,0.2368780440019567,0.08436619733467608,0.6324833570831602,0.1380716058135413,0.5143566111308047,0.7320099255583127
resnet18,1.0,101,logistic,1.0,nih,cardiomegaly,entropy,0.0950142898833519,0.003519763816023145,0.9720891384217883,0.02414486921529175,0.24949698189134809,0.4346076458752515
resnet18,1.0,101,logistic,1.0,nih,pleural_effusion,entropy,0.11356000398683441,0.023591865736375246,0.8675180216742092,0.06466876971608833,0.32413249211356465,0.5883280757097792
resnet18,1.0,101,logistic,1.0,vinbig,cardiomegaly,entropy,0.10664460347560548,0.028950320124321527,0.8736227968403443,0.07044578976334617,0.38470005503577326,0.6180517336268575
resnet18,1.0,101,logistic,1.0,vinbig,pleural_effusion,entropy,0.07528642999421077,0.007087796229180732,0.9477483614343406,0.056782334384858045,0.1829652996845426,0.30441640378548895
resnet18,1.0,101,head_mc,1.0,chexpert,cardiomegaly,entropy,0.19371877620005704,0.04156961092293621,0.8690800131761041,0.18780727630285152,0.4837758112094395,0.6686332350049164
resnet18,1.0,101,head_mc,1.0,chexpert,cardiomegaly,variance,0.19650913072974294,0.041848295808955126,0.8644123627559439,0.1848574237954769,0.48426745329400195,0.6740412979351033
resnet18,1.0,101,head_mc,1.0,chexpert,cardiomegaly,mutual_information,0.20488457803037383,0.043427819769459614,0.8506933844739843,0.19419862340216323,0.5176991150442478,0.7104228121927237
resnet18,1.0,101,head_mc,1.0,chexpert,pleural_effusion,entropy,0.23936440807578113,0.0873315591634384,0.6304408103820085,0.13860333215171924,0.5134704005671747,0.7295285359801489
resnet18,1.0,101,head_mc,1.0,chexpert,pleural_effusion,variance,0.23815187469218826,0.08768397702721901,0.6395337257181558,0.14409783764622475,0.5519319390287132,0.7570010634526764
resnet18,1.0,101,head_mc,1.0,chexpert,pleural_effusion,mutual_information,0.23737463013149268,0.09735017901723472,0.663153292947936,0.22793335696561504,0.6238922367954626,0.7912087912087912
resnet18,1.0,101,head_mc,1.0,nih,cardiomegaly,entropy,0.09172857196077602,0.0035224033177783717,0.9724678666452394,0.02414486921529175,0.25553319919517103,0.43259557344064387
resnet18,1.0,101,head_mc,1.0,nih,cardiomegaly,variance,0.09327151464994196,0.003581946813844137,0.9684812381969929,0.028169014084507043,0.2515090543259557,0.4386317907444668
resnet18,1.0,101,head_mc,1.0,nih,cardiomegaly,mutual_information,0.09833984458110383,0.003895397282713524,0.9554999740381257,0.03621730382293763,0.2716297786720322,0.4708249496981891
resnet18,1.0,101,head_mc,1.0,nih,pleural_effusion,entropy,0.11510013590140607,0.023636847903539024,0.8663875066831221,0.06506309148264984,0.32452681388012616,0.5816246056782335
resnet18,1.0,101,head_mc,1.0,nih,pleural_effusion,variance,0.11518030570647772,0.02399677136465692,0.8677030609855121,0.06309148264984227,0.3580441640378549,0.6305205047318612
resnet18,1.0,101,head_mc,1.0,nih,pleural_effusion,mutual_information,0.12059356534602074,0.026825002066947545,0.8593214724285579,0.07847003154574132,0.4676656151419558,0.6884858044164038
resnet18,1.0,101,head_mc,1.0,vinbig,cardiomegaly,entropy,0.1031998281188679,0.0291365498485075,0.8751440563621913,0.0720968629609246,0.3869014859658778,0.6213538800220143
resnet18,1.0,101,head_mc,1.0,vinbig,cardiomegaly,variance,0.1036365047469216,0.030304944085403036,0.8753689000111572,0.07649972482113374,0.40946615299944966,0.6455696202531646
resnet18,1.0,101,head_mc,1.0,vinbig,cardiomegaly,mutual_information,0.10661479334722399,0.03291043131584228,0.8704637609261363,0.0864061640066043,0.45679691799669786,0.6890478811227297
resnet18,1.0,101,head_mc,1.0,vinbig,pleural_effusion,entropy,0.07765857578102527,0.006720075702926328,0.9473823808883155,0.056782334384858045,0.1829652996845426,0.30126182965299686
resnet18,1.0,101,head_mc,1.0,vinbig,pleural_effusion,variance,0.08133646203733466,0.006500351947203532,0.9367346645549266,0.05362776025236593,0.18138801261829654,0.2807570977917981
resnet18,1.0,101,head_mc,1.0,vinbig,pleural_effusion,mutual_information,0.1021430297241453,0.007493027248885931,0.8834502054887496,0.061514195583596214,0.23974763406940064,0.4022082018927445
resnet18,1.0,101,head_mc_temperature,1.0,chexpert,cardiomegaly,entropy,0.19371877620005704,0.041402147568661694,0.8690800131761041,0.18780727630285152,0.4837758112094395,0.6686332350049164
resnet18,1.0,101,head_mc_temperature,1.0,chexpert,pleural_effusion,entropy,0.23936440807578113,0.08468050388024297,0.6304408103820085,0.13860333215171924,0.5134704005671747,0.7295285359801489
resnet18,1.0,101,head_mc_temperature,1.0,nih,cardiomegaly,entropy,0.09172857196077602,0.003521210470982191,0.9724678666452394,0.02414486921529175,0.25553319919517103,0.43259557344064387
resnet18,1.0,101,head_mc_temperature,1.0,nih,pleural_effusion,entropy,0.11510013590140607,0.023585199410311685,0.8663875066831221,0.06506309148264984,0.32452681388012616,0.5816246056782335
resnet18,1.0,101,head_mc_temperature,1.0,vinbig,cardiomegaly,entropy,0.1031998281188679,0.028972845401551,0.8751440563621913,0.0720968629609246,0.3869014859658778,0.6213538800220143
resnet18,1.0,101,head_mc_temperature,1.0,vinbig,pleural_effusion,entropy,0.07765857578102527,0.0070414552975142436,0.9473823808883155,0.056782334384858045,0.1829652996845426,0.30126182965299686
resnet18,1.0,ensemble,ensemble,1.0,chexpert,cardiomegaly,entropy,0.08702362102126227,0.036681709360942734,0.8932206183504632,0.147984267453294,0.44051130776794495,0.6352015732546706
resnet18,1.0,ensemble,ensemble,1.0,chexpert,cardiomegaly,variance,0.09808711325608371,0.04062685129978024,0.8671349473015271,0.17994100294985252,0.48770894788593905,0.6853490658800393
resnet18,1.0,ensemble,ensemble,1.0,chexpert,cardiomegaly,mutual_information,0.12671600764270424,0.049616641288566105,0.8126923427163595,0.22861356932153393,0.5658800393313668,0.7438544739429696
resnet18,1.0,ensemble,ensemble,1.0,chexpert,pleural_effusion,entropy,0.24272487458778494,0.08201156577922084,0.6189279834015039,0.12424672102091457,0.49574618929457637,0.7180077986529599
resnet18,1.0,ensemble,ensemble,1.0,chexpert,pleural_effusion,variance,0.2546727024889784,0.09990024508403257,0.6424980021108184,0.22031194611839774,0.6019142148174407,0.7818149592343141
resnet18,1.0,ensemble,ensemble,1.0,chexpert,pleural_effusion,mutual_information,0.30538564793282613,0.1354070568047945,0.6154784389295898,0.34579936192839417,0.6830911024459412,0.8293158454448777
resnet18,1.0,ensemble,ensemble,1.0,nih,cardiomegaly,entropy,0.048083649803993156,0.002953731686627199,0.9765276589361868,0.014084507042253521,0.19517102615694165,0.3682092555331992
resnet18,1.0,ensemble,ensemble,1.0,nih,cardiomegaly,variance,0.055357110769022576,0.003435814888413814,0.9534208563390554,0.02414486921529175,0.23541247484909456,0.4245472837022133
resnet18,1.0,ensemble,ensemble,1.0,nih,cardiomegaly,mutual_information,0.07616685262884333,0.004837287805676998,0.8987070645844191,0.06841046277665996,0.33400402414486924,0.5291750503018109
resnet18,1.0,ensemble,ensemble,1.0,nih,pleural_effusion,entropy,0.10847567901758022,0.02180818257643524,0.8677030296873061,0.0555993690851735,0.31190851735015773,0.5808359621451105
resnet18,1.0,ensemble,ensemble,1.0,nih,pleural_effusion,variance,0.11465677078697271,0.026038211841823866,0.8629462495452794,0.08793375394321766,0.4720031545741325,0.7093848580441641
resnet18,1.0,ensemble,ensemble,1.0,nih,pleural_effusion,mutual_information,0.15792167617294411,0.03789550232833947,0.795705525696387,0.21056782334384858,0.5875394321766562,0.7705047318611987
resnet18,1.0,ensemble,ensemble,1.0,vinbig,cardiomegaly,entropy,0.06564023704635205,0.022652272292350367,0.8842314829444057,0.041827187671986794,0.3175564116675839,0.5597138139790864
resnet18,1.0,ensemble,ensemble,1.0,vinbig,cardiomegaly,variance,0.0709073798542546,0.02711419177246913,0.8721374869737055,0.07374793615850303,0.3802971931755641,0.6053935057787562
resnet18,1.0,ensemble,ensemble,1.0,vinbig,cardiomegaly,mutual_information,0.08830754920415934,0.036889029524958844,0.8356957962451712,0.14034122179416622,0.4782608695652174,0.6736378646119978
resnet18,1.0,ensemble,ensemble,1.0,vinbig,pleural_effusion,entropy,0.08652633772298327,0.006432332408921863,0.9449944586428192,0.05993690851735016,0.1719242902208202,0.2697160883280757
resnet18,1.0,ensemble,ensemble,1.0,vinbig,pleural_effusion,variance,0.11371153113127834,0.008807093001772577,0.8909071814455232,0.08675078864353312,0.3280757097791798,0.5615141955835962
resnet18,1.0,ensemble,ensemble,1.0,vinbig,pleural_effusion,mutual_information,0.17118203623016867,0.013845847454610389,0.797237154905545,0.23659305993690852,0.5536277602523659,0.7397476340694006
resnet18,1.0,ensemble,ensemble_temperature,1.0,chexpert,cardiomegaly,entropy,0.08702362102126227,0.03669898346129655,0.8932206183504632,0.147984267453294,0.44051130776794495,0.6352015732546706
resnet18,1.0,ensemble,ensemble_temperature,1.0,chexpert,pleural_effusion,entropy,0.24272487458778494,0.08044425082972467,0.6189279834015039,0.12424672102091457,0.49574618929457637,0.7180077986529599
resnet18,1.0,ensemble,ensemble_temperature,1.0,nih,cardiomegaly,entropy,0.048083649803993156,0.0029537688435270276,0.9765276589361868,0.014084507042253521,0.19517102615694165,0.3682092555331992
resnet18,1.0,ensemble,ensemble_temperature,1.0,nih,pleural_effusion,entropy,0.10847567901758022,0.021811928652840974,0.8677030296873061,0.0555993690851735,0.31190851735015773,0.5808359621451105
resnet18,1.0,ensemble,ensemble_temperature,1.0,vinbig,cardiomegaly,entropy,0.06564023704635205,0.022671941555938765,0.8842314829444057,0.041827187671986794,0.3175564116675839,0.5597138139790864
resnet18,1.0,ensemble,ensemble_temperature,1.0,vinbig,pleural_effusion,entropy,0.08652633772298327,0.006713497898350111,0.9449944586428192,0.05993690851735016,0.1719242902208202,0.2697160883280757
densenet121,1.0,17,raw,1.0,chexpert,cardiomegaly,entropy,0.1972667716354642,0.03412159797242414,0.8573307978218211,0.13716814159292035,0.408062930186824,0.6057030481809242
densenet121,1.0,17,raw,1.0,chexpert,pleural_effusion,entropy,0.2334044495303583,0.07496912484066605,0.6246560978019928,0.11839773130095711,0.4923785891527827,0.7295285359801489
densenet121,1.0,17,raw,1.0,nih,cardiomegaly,entropy,0.072405080305127,0.0030711652274812516,0.9736113845865437,0.028169014084507043,0.19718309859154928,0.3641851106639839
densenet121,1.0,17,raw,1.0,nih,pleural_effusion,entropy,0.09585279284344071,0.020856921645571836,0.874268519247374,0.04968454258675079,0.31190851735015773,0.6084384858044164
densenet121,1.0,17,raw,1.0,vinbig,cardiomegaly,entropy,0.10390662780755767,0.027489895064340044,0.8785599200279925,0.05118326912493121,0.4078150798018712,0.6450192625206385
densenet121,1.0,17,raw,1.0,vinbig,pleural_effusion,entropy,0.11944110522999776,0.006291848786985284,0.9384758585906587,0.050473186119873815,0.14668769716088328,0.24605678233438485
densenet121,1.0,17,temperature,1.0,chexpert,cardiomegaly,entropy,0.19726677439324683,0.033776229128702,0.8573307870126012,0.13716814159292035,0.408062930186824,0.6057030481809242
densenet121,1.0,17,temperature,1.0,chexpert,pleural_effusion,entropy,0.23340444719474582,0.07364946657206564,0.6246561036979982,0.11839773130095711,0.4923785891527827,0.7295285359801489
densenet121,1.0,17,temperature,1.0,nih,cardiomegaly,entropy,0.072405080305127,0.003062839854922273,0.9736113845865437,0.028169014084507043,0.19718309859154928,0.3641851106639839
densenet121,1.0,17,temperature,1.0,nih,pleural_effusion,entropy,0.09585287620430992,0.020908004081507874,0.874268321950483,0.04968454258675079,0.31190851735015773,0.6084384858044164
densenet121,1.0,17,temperature,1.0,vinbig,cardiomegaly,entropy,0.10390662780755767,0.02709466886401738,0.8785599200279925,0.05118326912493121,0.4078150798018712,0.6450192625206385
densenet121,1.0,17,temperature,1.0,vinbig,pleural_effusion,entropy,0.11944111918227021,0.006868838759993659,0.9384758402070436,0.050473186119873815,0.14668769716088328,0.24605678233438485
densenet121,1.0,17,logistic,1.0,chexpert,cardiomegaly,entropy,0.19726715296250197,0.03378520049215672,0.8573292845310313,0.13716814159292035,0.408062930186824,0.6057030481809242
densenet121,1.0,17,logistic,1.0,chexpert,pleural_effusion,entropy,0.2344240709777363,0.0754479268097846,0.6211091966126742,0.11839773130095711,0.47961715703651187,0.7188940092165899
densenet121,1.0,17,logistic,1.0,nih,cardiomegaly,entropy,0.07240551388321997,0.003062181582918335,0.9736094531116936,0.028169014084507043,0.19718309859154928,0.3641851106639839
densenet121,1.0,17,logistic,1.0,nih,pleural_effusion,entropy,0.09669975447614233,0.020855225819790612,0.8708806685673272,0.04968454258675079,0.2898264984227129,0.5713722397476341
densenet121,1.0,17,logistic,1.0,vinbig,cardiomegaly,entropy,0.10390667694242238,0.027099441288508153,0.8785597023255373,0.05118326912493121,0.4078150798018712,0.6450192625206385
densenet121,1.0,17,logistic,1.0,vinbig,pleural_effusion,entropy,0.11968317281938978,0.006801516778811765,0.9375351781965177,0.050473186119873815,0.14668769716088328,0.2192429022082019
densenet121,1.0,17,head_mc,1.0,chexpert,cardiomegaly,entropy,0.18650512229060387,0.03416365595708001,0.8612644493553931,0.140117994100295,0.4056047197640118,0.604228121927237
densenet121,1.0,17,head_mc,1.0,chexpert,cardiomegaly,variance,0.18879122365119028,0.03436830800680326,0.8575416380140046,0.13618485742379546,0.41543756145526056,0.6071779744346116
densenet121,1.0,17,head_mc,1.0,chexpert,cardiomegaly,mutual_information,0.19602287201599214,0.03529415518418316,0.8455150227845044,0.1440511307767945,0.4331366764995084,0.6229105211406096
densenet121,1.0,17,head_mc,1.0,chexpert,pleural_effusion,entropy,0.23109244408945767,0.07487336638588918,0.6263212815370899,0.11804324707550513,0.49202410492733073,0.7300602623183269
densenet121,1.0,17,head_mc,1.0,chexpert,pleural_effusion,variance,0.2311783934389304,0.07531845628035543,0.6300570402612893,0.1228287841191067,0.5104572846508331,0.7380361573909962
densenet121,1.0,17,head_mc,1.0,chexpert,pleural_effusion,mutual_information,0.23576219374573576,0.07959892709430931,0.635249849589287,0.15916341722793337,0.5505140021269054,0.7534562211981567
densenet121,1.0,17,head_mc,1.0,nih,cardiomegaly,entropy,0.06703759124001259,0.003082180605410773,0.9742739146882413,0.028169014084507043,0.19114688128772636,0.36619718309859156
densenet121,1.0,17,head_mc,1.0,nih,cardiomegaly,variance,0.06812115421146794,0.003100333013018257,0.9710555886004293,0.028169014084507043,0.20321931589537223,0.3782696177062374
densenet121,1.0,17,head_mc,1.0,nih,cardiomegaly,mutual_information,0.0720004871330329,0.003242383480125552,0.9596783082203423,0.03219315895372234,0.22334004024144868,0.3903420523138833
densenet121,1.0,17,head_mc,1.0,nih,pleural_effusion,entropy,0.0948759997187963,0.020846894768175517,0.8748062585165887,0.04850157728706624,0.31309148264984227,0.610410094637224
densenet121,1.0,17,head_mc,1.0,nih,pleural_effusion,variance,0.09571932390111909,0.021299373345519644,0.8730281758341815,0.050078864353312304,0.3186119873817035,0.6214511041009464
densenet121,1.0,17,head_mc,1.0,nih,pleural_effusion,mutual_information,0.10015357897705689,0.022595796928792,0.8628289495580913,0.05796529968454259,0.3675078864353312,0.6443217665615142
densenet121,1.0,17,head_mc,1.0,vinbig,cardiomegaly,entropy,0.09769856892893095,0.027497254754562852,0.8815555524315379,0.05063291139240506,0.4089157952669235,0.6483214089157953
densenet121,1.0,17,head_mc,1.0,vinbig,cardiomegaly,variance,0.09794591131540888,0.02830082828983554,0.8818597821416014,0.053384700055035775,0.42377545404512934,0.6648321408915795
densenet121,1.0,17,head_mc,1.0,vinbig,cardiomegaly,mutual_information,0.10039125617985818,0.029907034971566653,0.8770575100341804,0.058337919647771054,0.4424876169510182,0.6840946615299945
densenet121,1.0,17,head_mc,1.0,vinbig,pleural_effusion,entropy,0.11534263459266546,0.006323816598106402,0.9392189311444186,0.056782334384858045,0.14353312302839116,0.25236593059936907
densenet121,1.0,17,head_mc,1.0,vinbig,pleural_effusion,variance,0.12011191431969465,0.006382412194648268,0.9278661668066531,0.05362776025236593,0.13564668769716087,0.23974763406940064
densenet121,1.0,17,head_mc,1.0,vinbig,pleural_effusion,mutual_information,0.14145612351330158,0.007242325516497777,0.8814561719230587,0.05993690851735016,0.1719242902208202,0.32965299684542587
densenet121,1.0,17,head_mc_temperature,1.0,chexpert,cardiomegaly,entropy,0.18650512229060387,0.033843104457456114,0.8612644493553931,0.140117994100295,0.4056047197640118,0.604228121927237
densenet121,1.0,17,head_mc_temperature,1.0,chexpert,pleural_effusion,entropy,0.23109244408945767,0.0736417095453712,0.6263212815370899,0.11804324707550513,0.49202410492733073,0.7300602623183269
densenet121,1.0,17,head_mc_temperature,1.0,nih,cardiomegaly,entropy,0.06703759124001259,0.003074610139547443,0.9742739146882413,0.028169014084507043,0.19114688128772636,0.36619718309859156
densenet121,1.0,17,head_mc_temperature,1.0,nih,pleural_effusion,entropy,0.0948759997187963,0.020896995313758437,0.8748062585165887,0.04850157728706624,0.31309148264984227,0.610410094637224
densenet121,1.0,17,head_mc_temperature,1.0,vinbig,cardiomegaly,entropy,0.09769856892893095,0.02712922030822758,0.8815555524315379,0.05063291139240506,0.4089157952669235,0.6483214089157953
densenet121,1.0,17,head_mc_temperature,1.0,vinbig,pleural_effusion,entropy,0.11534263459266546,0.006869888288124255,0.9392189311444186,0.056782334384858045,0.14353312302839116,0.25236593059936907
densenet121,1.0,43,raw,1.0,chexpert,cardiomegaly,entropy,0.08878386076132984,0.03602672993952816,0.890076478915063,0.15880039331366766,0.42133726647000985,0.6140609636184857
densenet121,1.0,43,raw,1.0,chexpert,pleural_effusion,entropy,0.1974626803934044,0.07510610659493576,0.6604046879016787,0.12672811059907835,0.5182559376107764,0.7504431052818149
densenet121,1.0,43,raw,1.0,nih,cardiomegaly,entropy,0.04574493750325848,0.0030123800599395874,0.9764695869463259,0.022132796780684104,0.18108651911468812,0.358148893360161
densenet121,1.0,43,raw,1.0,nih,pleural_effusion,entropy,0.09533244313748061,0.021057860533484355,0.8825269819906274,0.0528391167192429,0.3753943217665615,0.6782334384858044
densenet121,1.0,43,raw,1.0,vinbig,cardiomegaly,entropy,0.06194970573647746,0.027350142706272694,0.8927642389734564,0.059988992845349476,0.3907539900935608,0.6175013758943313
densenet121,1.0,43,raw,1.0,vinbig,pleural_effusion,entropy,0.055502711759740496,0.007219828141458115,0.9513389280887798,0.06309148264984227,0.17823343848580442,0.32965299684542587
densenet121,1.0,43,temperature,1.0,chexpert,cardiomegaly,entropy,0.08878387236954553,0.03608508105271969,0.8900764343132154,0.15880039331366766,0.42133726647000985,0.6140609636184857
densenet121,1.0,43,temperature,1.0,chexpert,pleural_effusion,entropy,0.19746222874709266,0.07484512421608397,0.6604059475905819,0.12672811059907835,0.5182559376107764,0.7504431052818149
densenet121,1.0,43,temperature,1.0,nih,cardiomegaly,entropy,0.04574493076190176,0.0030118554653615153,0.9764695925353437,0.022132796780684104,0.18108651911468812,0.358148893360161
densenet121,1.0,43,temperature,1.0,nih,pleural_effusion,entropy,0.09533252437751437,0.021081437350733125,0.8825267107360859,0.0528391167192429,0.3753943217665615,0.6782334384858044
densenet121,1.0,43,temperature,1.0,vinbig,cardiomegaly,entropy,0.06194970573647746,0.027428226433170066,0.8927642389734562,0.059988992845349476,0.3907539900935608,0.6175013758943313
densenet121,1.0,43,temperature,1.0,vinbig,pleural_effusion,entropy,0.05550287051171579,0.007286357755588415,0.9513382484700055,0.06309148264984227,0.17823343848580442,0.32965299684542587
densenet121,1.0,43,logistic,1.0,chexpert,cardiomegaly,entropy,0.08882387537997236,0.03616095080036173,0.8898933437298964,0.15880039331366766,0.42133726647000985,0.6140609636184857
densenet121,1.0,43,logistic,1.0,chexpert,pleural_effusion,entropy,0.2012300344032904,0.0795773782768943,0.6474664843256788,0.12601914214817442,0.4858206309819213,0.7201347040056717
densenet121,1.0,43,logistic,1.0,nih,cardiomegaly,entropy,0.04575976722035,0.0029917219342052884,0.9763955995293511,0.022132796780684104,0.18108651911468812,0.358148893360161
densenet121,1.0,43,logistic,1.0,nih,pleural_effusion,entropy,0.09838765248277648,0.020543317123803202,0.8708526185265808,0.0528391167192429,0.29574132492113564,0.5741324921135647
densenet121,1.0,43,logistic,1.0,vinbig,cardiomegaly,entropy,0.06196667972407395,0.027496955716837822,0.8926757686295929,0.059988992845349476,0.3907539900935608,0.6175013758943313
densenet121,1.0,43,logistic,1.0,vinbig,pleural_effusion,entropy,0.05613413843861533,0.007215751583448212,0.9484071863914205,0.06309148264984227,0.17034700315457413,0.2586750788643533
densenet121,1.0,43,head_mc,1.0,chexpert,cardiomegaly,entropy,0.0898512915065438,0.035907993761074314,0.8900705541831868,0.15732546705998032,0.4247787610619469,0.6140609636184857
densenet121,1.0,43,head_mc,1.0,chexpert,cardiomegaly,variance,0.09056154516828664,0.03564143448228231,0.8877651419396003,0.1529006882989184,0.42625368731563423,0.6076696165191741
densenet121,1.0,43,head_mc,1.0,chexpert,cardiomegaly,mutual_information,0.09340191351564303,0.03577754475664445,0.8798275807226575,0.1543756145526057,0.4365781710914454,0.6243854473942969
densenet121,1.0,43,head_mc,1.0,chexpert,pleural_effusion,entropy,0.19959180923017475,0.07514757145294555,0.6589507884301449,0.12637362637362637,0.5207373271889401,0.7488479262672811
densenet121,1.0,43,head_mc,1.0,chexpert,pleural_effusion,variance,0.20067658806196148,0.07603262017726266,0.6612464652649931,0.13169088975540588,0.54413328606877,0.7616093583835519
densenet121,1.0,43,head_mc,1.0,chexpert,pleural_effusion,mutual_information,0.21106028016424902,0.08307797997236036,0.658340030708862,0.19939737681673164,0.6003190358029068,0.7915632754342432
densenet121,1.0,43,head_mc,1.0,nih,cardiomegaly,entropy,0.046327546842244716,0.0030180231627844624,0.976384388412704,0.022132796780684104,0.18712273641851107,0.3561368209255533
densenet121,1.0,43,head_mc,1.0,nih,cardiomegaly,variance,0.047083972382277184,0.003030691420423361,0.9736914177733078,0.02414486921529175,0.193158953722334,0.358148893360161
densenet121,1.0,43,head_mc,1.0,nih,cardiomegaly,mutual_information,0.04973609473615457,0.0031525221704613,0.9644042943143859,0.026156941649899398,0.19517102615694165,0.3682092555331992
densenet121,1.0,43,head_mc,1.0,nih,pleural_effusion,entropy,0.09653270822887813,0.021107474828953254,0.8819374338106452,0.05362776025236593,0.37736593059936907,0.6770504731861199
densenet121,1.0,43,head_mc,1.0,nih,pleural_effusion,variance,0.09790720602222729,0.022058447431532607,0.8787394301023093,0.05441640378548896,0.3884069400630915,0.6750788643533123
densenet121,1.0,43,head_mc,1.0,nih,pleural_effusion,mutual_information,0.10432674509136816,0.024595135708772725,0.8642369168466174,0.0666403785488959,0.444006309148265,0.6876971608832808
densenet121,1.0,43,head_mc,1.0,vinbig,cardiomegaly,entropy,0.06275857263989697,0.027339017782558324,0.8927984336751956,0.05943863511282334,0.3940561364887177,0.6147495872317006
densenet121,1.0,43,head_mc,1.0,vinbig,cardiomegaly,variance,0.06277880756247711,0.027833419750999795,0.8931873610739139,0.05888827738029719,0.40561364887176665,0.6274078150798019
densenet121,1.0,43,head_mc,1.0,vinbig,cardiomegaly,mutual_information,0.06424122417203083,0.029042341231281098,0.8892622888867384,0.06879471656576774,0.4309301045679692,0.6477710511832692
densenet121,1.0,43,head_mc,1.0,vinbig,pleural_effusion,entropy,0.05637481091222802,0.007211739108459893,0.9512306976501763,0.06466876971608833,0.17981072555205047,0.3264984227129338
densenet121,1.0,43,head_mc,1.0,vinbig,pleural_effusion,variance,0.05960490800588575,0.00721425756753756,0.9396351052800649,0.06309148264984227,0.17981072555205047,0.29652996845425866
densenet121,1.0,43,head_mc,1.0,vinbig,pleural_effusion,mutual_information,0.07479612698567466,0.00802762496878232,0.8917985223278265,0.06466876971608833,0.2334384858044164,0.39274447949526814
densenet121,1.0,43,head_mc_temperature,1.0,chexpert,cardiomegaly,entropy,0.0898512915065438,0.03598826397367398,0.8900705541831868,0.15732546705998032,0.4247787610619469,0.6140609636184857
densenet121,1.0,43,head_mc_temperature,1.0,chexpert,pleural_effusion,entropy,0.19959180923017475,0.07498476067054503,0.6589507884301449,0.12637362637362637,0.5207373271889401,0.7488479262672811
densenet121,1.0,43,head_mc_temperature,1.0,nih,cardiomegaly,entropy,0.046327546842244716,0.003017074165618944,0.976384388412704,0.022132796780684104,0.18712273641851107,0.3561368209255533
densenet121,1.0,43,head_mc_temperature,1.0,nih,pleural_effusion,entropy,0.09653270822887813,0.021122989169336987,0.8819374338106452,0.05362776025236593,0.37736593059936907,0.6770504731861199
densenet121,1.0,43,head_mc_temperature,1.0,vinbig,cardiomegaly,entropy,0.06275857263989697,0.027446462951008995,0.8927984336751956,0.05943863511282334,0.3940561364887177,0.6147495872317006
densenet121,1.0,43,head_mc_temperature,1.0,vinbig,pleural_effusion,entropy,0.05637481091222802,0.007254306526669451,0.9512306976501763,0.06466876971608833,0.17981072555205047,0.3264984227129338
densenet121,1.0,101,raw,1.0,chexpert,cardiomegaly,entropy,0.10075666430950223,0.03548090312690005,0.8877042421857713,0.14700098328416913,0.408062930186824,0.6091445427728613
densenet121,1.0,101,raw,1.0,chexpert,pleural_effusion,entropy,0.1975579613726592,0.08818648727841759,0.6529683809392365,0.13204537398085786,0.48723856788372916,0.7119815668202765
densenet121,1.0,101,raw,1.0,nih,cardiomegaly,entropy,0.06349261535513874,0.0036987592072337517,0.9747553619944,0.03621730382293763,0.22535211267605634,0.386317907444668
densenet121,1.0,101,raw,1.0,nih,pleural_effusion,entropy,0.10296613221427332,0.021579197297639637,0.8689572421227152,0.056782334384858045,0.2949526813880126,0.5824132492113565
densenet121,1.0,101,raw,1.0,vinbig,cardiomegaly,entropy,0.06619444875635243,0.027420693708504335,0.8941135895306171,0.04788112272977435,0.3951568519537699,0.6323610346725371
densenet121,1.0,101,raw,1.0,vinbig,pleural_effusion,entropy,0.04509018442896281,0.005498588942043824,0.9495043549273016,0.05362776025236593,0.14511041009463724,0.2334384858044164
densenet121,1.0,101,temperature,1.0,chexpert,cardiomegaly,entropy,0.10078097265985564,0.03558527190276232,0.8877039978506327,0.14700098328416913,0.408062930186824,0.6091445427728613
densenet121,1.0,101,temperature,1.0,chexpert,pleural_effusion,entropy,0.19755791516139362,0.08489661308644149,0.652968497840139,0.13204537398085786,0.48723856788372916,0.7119815668202765
densenet121,1.0,101,temperature,1.0,nih,cardiomegaly,entropy,0.0634926152893741,0.00369666458414685,0.9747553467481355,0.03621730382293763,0.22535211267605634,0.386317907444668
densenet121,1.0,101,temperature,1.0,nih,pleural_effusion,entropy,0.10296612390175014,0.02155848580832037,0.8689572719175397,0.056782334384858045,0.2949526813880126,0.5824132492113565
densenet121,1.0,101,temperature,1.0,vinbig,cardiomegaly,entropy,0.0661944532468937,0.027521075464109274,0.8941135666713033,0.04788112272977435,0.3951568519537699,0.6323610346725371
densenet121,1.0,101,temperature,1.0,vinbig,pleural_effusion,entropy,0.04509019410643389,0.0057468829870373165,0.949504294892627,0.05362776025236593,0.14511041009463724,0.2334384858044164
densenet121,1.0,101,logistic,1.0,chexpert,cardiomegaly,entropy,0.10076087697585981,0.03557572800647352,0.8876857826660444,0.14700098328416913,0.408062930186824,0.6091445427728613
densenet121,1.0,101,logistic,1.0,chexpert,pleural_effusion,entropy,0.19760273274360937,0.08508141689284447,0.6528025293220687,0.13204537398085786,0.48723856788372916,0.7110953562566465
densenet121,1.0,101,logistic,1.0,nih,cardiomegaly,entropy,0.06349994688536795,0.0036844107994770565,0.9747219116896912,0.03621730382293763,0.22535211267605634,0.386317907444668
densenet121,1.0,101,logistic,1.0,nih,pleural_effusion,entropy,0.10308355108629749,0.021563602954088185,0.8684905955814592,0.056782334384858045,0.29337539432176657,0.5757097791798107
densenet121,1.0,101,logistic,1.0,vinbig,cardiomegaly,entropy,0.06619633800622692,0.027533533703377848,0.8941039429001773,0.04788112272977435,0.3951568519537699,0.6323610346725371
densenet121,1.0,101,logistic,1.0,vinbig,pleural_effusion,entropy,0.04509844300272158,0.00575137886753591,0.9494613701002971,0.05362776025236593,0.14511041009463724,0.2334384858044164
densenet121,1.0,101,head_mc,1.0,chexpert,cardiomegaly,entropy,0.1010365055639425,0.03547609160642952,0.8876796970027344,0.14749262536873156,0.4085545722713864,0.6086529006882989
densenet121,1.0,101,head_mc,1.0,chexpert,cardiomegaly,variance,0.1021964135675606,0.035534242487843384,0.8843837048450258,0.14601769911504425,0.4134709931170108,0.604228121927237
densenet121,1.0,101,head_mc,1.0,chexpert,cardiomegaly,mutual_information,0.10627161209045392,0.03611525594224988,0.873827097161383,0.1529006882989184,0.4257620452310718,0.6175024582104228
densenet121,1.0,101,head_mc,1.0,chexpert,pleural_effusion,entropy,0.19822694233214871,0.08815794156555012,0.6526563860044859,0.1336405529953917,0.489365473236441,0.7118043247075505
densenet121,1.0,101,head_mc,1.0,chexpert,pleural_effusion,variance,0.2001524419969062,0.0880921758029713,0.6519565124444408,0.13204537398085786,0.5037220843672456,0.727933356965615
densenet121,1.0,101,head_mc,1.0,chexpert,pleural_effusion,mutual_information,0.20804835054731385,0.09193089803923761,0.6473405087460714,0.15685926976249556,0.5466146756469337,0.7492024104927331
densenet121,1.0,101,head_mc,1.0,nih,cardiomegaly,entropy,0.06320695660102063,0.0036851711303580786,0.9747603478376119,0.03621730382293763,0.22736418511066397,0.38832997987927564
densenet121,1.0,101,head_mc,1.0,nih,cardiomegaly,variance,0.06408170327866923,0.003667700538131069,0.9720377248908495,0.03621730382293763,0.22535211267605634,0.38028169014084506
densenet121,1.0,101,head_mc,1.0,nih,cardiomegaly,mutual_information,0.06744583493806582,0.003768665302799441,0.9618968540040154,0.03822937625754527,0.2414486921529175,0.40040241448692154
densenet121,1.0,101,head_mc,1.0,nih,pleural_effusion,entropy,0.1040486980293512,0.021557026706970166,0.8685279556250144,0.055993690851735015,0.2937697160883281,0.5808359621451105
densenet121,1.0,101,head_mc,1.0,nih,pleural_effusion,variance,0.10486328825376778,0.021636098525588617,0.8669337321045807,0.055993690851735015,0.2985015772870662,0.5997634069400631
densenet121,1.0,101,head_mc,1.0,nih,pleural_effusion,mutual_information,0.1089890537183475,0.02275160165653531,0.8585625857075481,0.061514195583596214,0.3643533123028391,0.6293375394321766
densenet121,1.0,101,head_mc,1.0,vinbig,cardiomegaly,entropy,0.06605726962989832,0.02738583166541978,0.8942222915155118,0.04898183819482664,0.3935057787561915,0.6340121078701155
densenet121,1.0,101,head_mc,1.0,vinbig,cardiomegaly,variance,0.0662660553190545,0.028132526400345623,0.8942122726574132,0.05448541552008806,0.4078150798018712,0.6505228398458999
densenet121,1.0,101,head_mc,1.0,vinbig,cardiomegaly,mutual_information,0.06780258174289117,0.02956279432294803,0.8902639962246744,0.06384149697303247,0.43478260869565216,0.6791414419372592
densenet121,1.0,101,head_mc,1.0,vinbig,pleural_effusion,entropy,0.04520873139624982,0.0054974036676573535,0.9495292515988558,0.052050473186119876,0.14826498422712933,0.2334384858044164
densenet121,1.0,101,head_mc,1.0,vinbig,pleural_effusion,variance,0.04728976718583867,0.0051157814384249975,0.9409482804631167,0.04889589905362776,0.12618296529968454,0.21766561514195584
densenet121,1.0,101,head_mc,1.0,vinbig,pleural_effusion,mutual_information,0.056724848443673974,0.004987803556096611,0.9062117392114187,0.04258675078864353,0.12933753943217666,0.22712933753943218
densenet121,1.0,101,head_mc_temperature,1.0,chexpert,cardiomegaly,entropy,0.10106644013434553,0.03560612157280279,0.887679379647334,0.14749262536873156,0.4085545722713864,0.6086529006882989
densenet121,1.0,101,head_mc_temperature,1.0,chexpert,pleural_effusion,entropy,0.19822694233214871,0.08500970776573281,0.6526563860044859,0.1336405529953917,0.489365473236441,0.7118043247075505
densenet121,1.0,101,head_mc_temperature,1.0,nih,cardiomegaly,entropy,0.06320695660102063,0.003682253486581069,0.9747603478376119,0.03621730382293763,0.22736418511066397,0.38832997987927564
densenet121,1.0,101,head_mc_temperature,1.0,nih,pleural_effusion,entropy,0.1040486980293512,0.021540822122063447,0.8685279556250144,0.055993690851735015,0.2937697160883281,0.5808359621451105
densenet121,1.0,101,head_mc_temperature,1.0,vinbig,cardiomegaly,entropy,0.06605726962989832,0.027511820613977157,0.8942222915155118,0.04898183819482664,0.3935057787561915,0.6340121078701155
densenet121,1.0,101,head_mc_temperature,1.0,vinbig,pleural_effusion,entropy,0.04520873139624982,0.005738156620419579,0.9495292515988558,0.052050473186119876,0.14826498422712933,0.2334384858044164
densenet121,1.0,ensemble,ensemble,1.0,chexpert,cardiomegaly,entropy,0.08670422442666587,0.032467086332623955,0.8900920964303288,0.12438544739429695,0.38987217305801375,0.5880039331366765
densenet121,1.0,ensemble,ensemble,1.0,chexpert,cardiomegaly,variance,0.09415991754923608,0.03477812644891253,0.8725302489364972,0.13618485742379546,0.4336283185840708,0.6361848574237955
densenet121,1.0,ensemble,ensemble,1.0,chexpert,cardiomegaly,mutual_information,0.11689287221135211,0.040708357968318225,0.8248136188799847,0.18534906588003933,0.5088495575221239,0.6907571288102261
densenet121,1.0,ensemble,ensemble,1.0,chexpert,pleural_effusion,entropy,0.1906090586113394,0.0730209130870882,0.6492882649183529,0.10953562566465792,0.478553704360156,0.7142857142857143
densenet121,1.0,ensemble,ensemble,1.0,chexpert,pleural_effusion,variance,0.19852886041837806,0.08193601505067803,0.6660513803852969,0.17936901807869549,0.575859624246721,0.7764976958525346
densenet121,1.0,ensemble,ensemble,1.0,chexpert,pleural_effusion,mutual_information,0.24067367331268594,0.1046881450857958,0.6350912282800192,0.28305565402339594,0.6529599432825239,0.8114143920595533
densenet121,1.0,ensemble,ensemble,1.0,nih,cardiomegaly,entropy,0.04084434883038714,0.0027820023463493177,0.9765411524617951,0.02414486921529175,0.16498993963782696,0.34004024144869216
densenet121,1.0,ensemble,ensemble,1.0,nih,cardiomegaly,variance,0.04659261160138577,0.0033853203573140627,0.9565579463299446,0.03420523138832998,0.20321931589537223,0.3822937625754527
densenet121,1.0,ensemble,ensemble,1.0,nih,cardiomegaly,mutual_information,0.06315369064841188,0.004879638592189404,0.907033964066553,0.06639839034205232,0.32595573440643866,0.5130784708249497
densenet121,1.0,ensemble,ensemble,1.0,nih,pleural_effusion,entropy,0.08841013202606164,0.019416728560172312,0.876962916754378,0.045347003154574135,0.3020504731861199,0.597397476340694
densenet121,1.0,ensemble,ensemble,1.0,nih,pleural_effusion,variance,0.09204784307895911,0.02370011523764349,0.8767057747501924,0.07847003154574132,0.4944794952681388,0.7330441640378549
densenet121,1.0,ensemble,ensemble,1.0,nih,pleural_effusion,mutual_information,0.12586231968525186,0.034094075758275964,0.8132092575513555,0.20899053627760253,0.6013406940063092,0.7985015772870663
densenet121,1.0,ensemble,ensemble,1.0,vinbig,cardiomegaly,entropy,0.053313815641606484,0.02468052062965838,0.8982425639241609,0.035222894881673086,0.37424325811777653,0.6208035222894882
densenet121,1.0,ensemble,ensemble,1.0,vinbig,cardiomegaly,variance,0.05912790497979866,0.029448846543917884,0.8818703376984818,0.07264722069345074,0.4243258117776555,0.6466703357182169
densenet121,1.0,ensemble,ensemble,1.0,vinbig,cardiomegaly,mutual_information,0.07748196741573035,0.03985729888939223,0.8348753323559377,0.15244909190974132,0.5046780407264722,0.7017061089708311
densenet121,1.0,ensemble,ensemble,1.0,vinbig,pleural_effusion,entropy,0.05569723570844055,0.005950875060897307,0.9478127954588247,0.04574132492113565,0.12933753943217666,0.21451104100946372
densenet121,1.0,ensemble,ensemble,1.0,vinbig,pleural_effusion,variance,0.07543395228391941,0.008105267042352931,0.8951586032064155,0.0804416403785489,0.2697160883280757,0.4952681388012618
densenet121,1.0,ensemble,ensemble,1.0,vinbig,pleural_effusion,mutual_information,0.12399490866501485,0.0128341919669359,0.7935091073650182,0.19558359621451105,0.5488958990536278,0.722397476340694
densenet121,1.0,ensemble,ensemble_temperature,1.0,chexpert,cardiomegaly,entropy,0.08670422442666587,0.03257248205343242,0.8900920964303288,0.12438544739429695,0.38987217305801375,0.5880039331366765
densenet121,1.0,ensemble,ensemble_temperature,1.0,chexpert,pleural_effusion,entropy,0.19060906207935197,0.07269596903872268,0.6492882586886153,0.10953562566465792,0.478553704360156,0.7142857142857143
densenet121,1.0,ensemble,ensemble_temperature,1.0,nih,cardiomegaly,entropy,0.04084434883038714,0.0027818431906734935,0.9765411524617951,0.02414486921529175,0.16498993963782696,0.34004024144869216
densenet121,1.0,ensemble,ensemble_temperature,1.0,nih,pleural_effusion,entropy,0.08841013202606164,0.019433424511654956,0.876962916754378,0.045347003154574135,0.3020504731861199,0.597397476340694
densenet121,1.0,ensemble,ensemble_temperature,1.0,vinbig,cardiomegaly,entropy,0.053313815641606484,0.024808579354655292,0.8982425639241609,0.035222894881673086,0.37424325811777653,0.6208035222894882
densenet121,1.0,ensemble,ensemble_temperature,1.0,vinbig,pleural_effusion,entropy,0.05569723570844055,0.006022036902759228,0.9478127954588247,0.04574132492113565,0.12933753943217666,0.21451104100946372
deit_tiny,1.0,17,raw,1.0,chexpert,cardiomegaly,entropy,0.11687182446834823,0.03453117152363107,0.8828384102916493,0.140117994100295,0.4056047197640118,0.5968534906588004
deit_tiny,1.0,17,raw,1.0,chexpert,pleural_effusion,entropy,0.28647148574122766,0.07931394261869028,0.599100993015713,0.1325771003190358,0.5308401276143212,0.7495568947181851
deit_tiny,1.0,17,raw,1.0,nih,cardiomegaly,entropy,0.051324728320315684,0.0031144549870076124,0.9760295215082336,0.026156941649899398,0.19517102615694165,0.35412474849094566
deit_tiny,1.0,17,raw,1.0,nih,pleural_effusion,entropy,0.10467525767781048,0.021536881481044635,0.8729427696080314,0.04771293375394322,0.33201892744479494,0.6261829652996845
deit_tiny,1.0,17,raw,1.0,vinbig,cardiomegaly,entropy,0.0923245075586762,0.025176563686691356,0.8758507096858978,0.05283434232250963,0.3472757292239956,0.5729223995597138
deit_tiny,1.0,17,raw,1.0,vinbig,pleural_effusion,entropy,0.05426166393549719,0.006139391174538227,0.9492220383002338,0.0583596214511041,0.14826498422712933,0.2476340694006309
deit_tiny,1.0,17,temperature,1.0,chexpert,cardiomegaly,entropy,0.11687185015721131,0.0346368520163194,0.8828383399504475,0.140117994100295,0.4056047197640118,0.5968534906588004
deit_tiny,1.0,17,temperature,1.0,chexpert,pleural_effusion,entropy,0.28647136722031985,0.07913194706417948,0.5991011745961441,0.1325771003190358,0.5308401276143212,0.7495568947181851
deit_tiny,1.0,17,temperature,1.0,nih,cardiomegaly,entropy,0.05132473532087565,0.003112555491106242,0.9760294837651634,0.026156941649899398,0.19517102615694165,0.35412474849094566
deit_tiny,1.0,17,temperature,1.0,nih,pleural_effusion,entropy,0.10467525008355745,0.02153796052403604,0.872942651494061,0.04771293375394322,0.33201892744479494,0.6261829652996845
deit_tiny,1.0,17,temperature,1.0,vinbig,cardiomegaly,entropy,0.0923245123908737,0.025311944633809102,0.8758506993709204,0.05283434232250963,0.3472757292239956,0.5729223995597138
deit_tiny,1.0,17,temperature,1.0,vinbig,pleural_effusion,entropy,0.05426164901152209,0.006174554972086898,0.9492220383002338,0.0583596214511041,0.14826498422712933,0.2476340694006309
deit_tiny,1.0,17,logistic,1.0,chexpert,cardiomegaly,entropy,0.1169384912714569,0.03478297289587244,0.8825591264110415,0.140117994100295,0.4056047197640118,0.5963618485742379
deit_tiny,1.0,17,logistic,1.0,chexpert,pleural_effusion,entropy,0.2880596962260139,0.08078328617518243,0.5939667382328107,0.13222261609358382,0.5134704005671747,0.738567883729174
deit_tiny,1.0,17,logistic,1.0,nih,cardiomegaly,entropy,0.05135170031763953,0.003067601406955951,0.9759008985158497,0.026156941649899398,0.19517102615694165,0.35412474849094566
deit_tiny,1.0,17,logistic,1.0,nih,pleural_effusion,entropy,0.10535044542387575,0.021477130839076413,0.8703596958203048,0.04771293375394322,0.31782334384858046,0.598186119873817
deit_tiny,1.0,17,logistic,1.0,vinbig,cardiomegaly,entropy,0.09237441905557336,0.025577649585594515,0.8756261010593378,0.05283434232250963,0.3472757292239956,0.5729223995597138
deit_tiny,1.0,17,logistic,1.0,vinbig,pleural_effusion,entropy,0.05440440124687962,0.006194086653902144,0.9485388582911488,0.0583596214511041,0.14668769716088328,0.24132492113564669
deit_tiny,1.0,17,head_mc,1.0,chexpert,cardiomegaly,entropy,0.12148991818557761,0.034489850932141373,0.8815952468486628,0.140117994100295,0.40363815142576204,0.595378564405113
deit_tiny,1.0,17,head_mc,1.0,chexpert,cardiomegaly,variance,0.12300226791114299,0.03445574721560712,0.8781139379177408,0.14503441494591937,0.4026548672566372,0.6047197640117994
deit_tiny,1.0,17,head_mc,1.0,chexpert,cardiomegaly,mutual_information,0.12932642070934677,0.03531745869110258,0.8646078101258221,0.14601769911504425,0.4257620452310718,0.6337266470009832
deit_tiny,1.0,17,head_mc,1.0,chexpert,pleural_effusion,entropy,0.2860549491178664,0.07939141099507678,0.5995009199267582,0.1323998582063098,0.5308401276143212,0.749911378943637
deit_tiny,1.0,17,head_mc,1.0,chexpert,pleural_effusion,variance,0.2860710996472903,0.08222267731366546,0.6073563698145976,0.15579581708613965,0.5535271180432471,0.7536334633108827
deit_tiny,1.0,17,head_mc,1.0,chexpert,pleural_effusion,mutual_information,0.31886682951955103,0.11072656748766915,0.6031465976376159,0.32683445586671395,0.6542006380716058,0.7974122651542006
deit_tiny,1.0,17,head_mc,1.0,nih,cardiomegaly,entropy,0.053791782245731376,0.0031042963249768786,0.9757797187442246,0.02414486921529175,0.19517102615694165,0.3561368209255533
deit_tiny,1.0,17,head_mc,1.0,nih,cardiomegaly,variance,0.05469959004547068,0.003144705135660357,0.9728563935927789,0.028169014084507043,0.2052313883299799,0.3641851106639839
deit_tiny,1.0,17,head_mc,1.0,nih,cardiomegaly,mutual_information,0.05888229099061314,0.003411764789182745,0.9595874364272706,0.030181086519114688,0.22132796780684105,0.4124748490945674
deit_tiny,1.0,17,head_mc,1.0,nih,pleural_effusion,entropy,0.10434288820102053,0.02148319984502648,0.873081873596767,0.04771293375394322,0.3351735015772871,0.625
deit_tiny,1.0,17,head_mc,1.0,nih,pleural_effusion,variance,0.10548603768015717,0.022186220579767896,0.8711964230113014,0.04810725552050473,0.3663249211356467,0.63801261829653
deit_tiny,1.0,17,head_mc,1.0,nih,pleural_effusion,mutual_information,0.13216303085224743,0.029784518649773935,0.8143202577855817,0.13249211356466878,0.5082807570977917,0.708596214511041
deit_tiny,1.0,17,head_mc,1.0,vinbig,cardiomegaly,entropy,0.09652295748204531,0.02519835401094791,0.873955030557201,0.05448541552008806,0.3483764446890479,0.5745734727572922
deit_tiny,1.0,17,head_mc,1.0,vinbig,cardiomegaly,variance,0.09653664898654815,0.026193666895705767,0.875238720337418,0.05778756191524491,0.3687396807925151,0.6026417171161255
deit_tiny,1.0,17,head_mc,1.0,vinbig,cardiomegaly,mutual_information,0.09860200224167694,0.028600260424021366,0.8729017602110174,0.06879471656576774,0.4177215189873418,0.6565767749036874
deit_tiny,1.0,17,head_mc,1.0,vinbig,pleural_effusion,entropy,0.053661769352472515,0.006111226125303478,0.9493468642939906,0.0583596214511041,0.14826498422712933,0.24921135646687698
deit_tiny,1.0,17,head_mc,1.0,vinbig,pleural_effusion,variance,0.05748141568377559,0.005904189053546319,0.935269995598505,0.056782334384858045,0.13722397476340695,0.2334384858044164
deit_tiny,1.0,17,head_mc,1.0,vinbig,pleural_effusion,mutual_information,0.09636507662817058,0.008384918982364143,0.8196296976047401,0.0804416403785489,0.27917981072555204,0.4227129337539432
deit_tiny,1.0,17,head_mc_temperature,1.0,chexpert,cardiomegaly,entropy,0.12148991818557761,0.03461997396178239,0.8815952468486628,0.140117994100295,0.40363815142576204,0.595378564405113
deit_tiny,1.0,17,head_mc_temperature,1.0,chexpert,pleural_effusion,entropy,0.2860549491178664,0.0792625565781772,0.5995009199267582,0.1323998582063098,0.5308401276143212,0.749911378943637
deit_tiny,1.0,17,head_mc_temperature,1.0,nih,cardiomegaly,entropy,0.053791782245731376,0.003101753197441783,0.9757797187442246,0.02414486921529175,0.19517102615694165,0.3561368209255533
deit_tiny,1.0,17,head_mc_temperature,1.0,nih,pleural_effusion,entropy,0.10434288820102053,0.021484262571220013,0.873081873596767,0.04771293375394322,0.3351735015772871,0.625
deit_tiny,1.0,17,head_mc_temperature,1.0,vinbig,cardiomegaly,entropy,0.09652295748204531,0.02536456039255552,0.873955030557201,0.05448541552008806,0.3483764446890479,0.5745734727572922
deit_tiny,1.0,17,head_mc_temperature,1.0,vinbig,pleural_effusion,entropy,0.053661769352472515,0.006136531010395823,0.9493468642939906,0.0583596214511041,0.14826498422712933,0.24921135646687698
deit_tiny,1.0,43,raw,1.0,chexpert,cardiomegaly,entropy,0.11788202808592549,0.03582007394716897,0.88272449193503,0.1415929203539823,0.408062930186824,0.5929203539823009
deit_tiny,1.0,43,raw,1.0,chexpert,pleural_effusion,entropy,0.31572987557498927,0.0798398061109981,0.5692256316552202,0.12353775257001064,0.5053172633817795,0.739099610067352
deit_tiny,1.0,43,raw,1.0,nih,cardiomegaly,entropy,0.05359308754548513,0.0035024895608144345,0.9762099453411277,0.03219315895372234,0.20321931589537223,0.4225352112676056
deit_tiny,1.0,43,raw,1.0,nih,pleural_effusion,entropy,0.09989293996229423,0.021633168985380934,0.8715098984455873,0.055205047318611984,0.3150630914826498,0.5757097791798107
deit_tiny,1.0,43,raw,1.0,vinbig,cardiomegaly,entropy,0.07360893328907646,0.02211605598528357,0.8787352809164178,0.040176114474408366,0.2993946064942212,0.5393505778756191
deit_tiny,1.0,43,raw,1.0,vinbig,pleural_effusion,entropy,0.056250289858127425,0.006088351230674266,0.9480952427012516,0.05362776025236593,0.14195583596214512,0.2302839116719243
deit_tiny,1.0,43,temperature,1.0,chexpert,cardiomegaly,entropy,0.11788202808592549,0.03552923230322973,0.88272449193503,0.1415929203539823,0.408062930186824,0.5929203539823009
deit_tiny,1.0,43,temperature,1.0,chexpert,pleural_effusion,entropy,0.31572993512265185,0.07861273437061382,0.5692254572580717,0.12353775257001064,0.5053172633817795,0.739099610067352
deit_tiny,1.0,43,temperature,1.0,nih,cardiomegaly,entropy,0.05359308754548513,0.0034943273240813206,0.9762099453411277,0.03219315895372234,0.20321931589537223,0.4225352112676056
deit_tiny,1.0,43,temperature,1.0,nih,pleural_effusion,entropy,0.0998928915404006,0.02158448280381153,0.8715100383615625,0.055205047318611984,0.3150630914826498,0.5757097791798107
deit_tiny,1.0,43,temperature,1.0,vinbig,cardiomegaly,entropy,0.07360893328907646,0.02181306005599588,0.8787352809164178,0.040176114474408366,0.2993946064942212,0.5393505778756191
deit_tiny,1.0,43,temperature,1.0,vinbig,pleural_effusion,entropy,0.05625024769745104,0.006308712807771829,0.9480953205269959,0.05362776025236593,0.14195583596214512,0.2302839116719243
deit_tiny,1.0,43,logistic,1.0,chexpert,cardiomegaly,entropy,0.11787706634028056,0.035491160321383664,0.8827457103659139,0.1415929203539823,0.408062930186824,0.5929203539823009
deit_tiny,1.0,43,logistic,1.0,chexpert,pleural_effusion,entropy,0.3146160928489359,0.0769398293202223,0.5728791675292763,0.12353775257001064,0.5207373271889401,0.7476072314781992
deit_tiny,1.0,43,logistic,1.0,nih,cardiomegaly,entropy,0.053589123375145965,0.0034975063921806396,0.9762288896553226,0.03219315895372234,0.20321931589537223,0.4225352112676056
deit_tiny,1.0,43,logistic,1.0,nih,pleural_effusion,entropy,0.0993233584693868,0.02154875992255295,0.8737702160344626,0.055205047318611984,0.3268927444794953,0.6084384858044164
deit_tiny,1.0,43,logistic,1.0,vinbig,cardiomegaly,entropy,0.07360001278257813,0.021723793473138766,0.8787793064418554,0.040176114474408366,0.2993946064942212,0.5393505778756191
deit_tiny,1.0,43,logistic,1.0,vinbig,pleural_effusion,entropy,0.05611547270609834,0.006252874438093832,0.9487407850149419,0.05362776025236593,0.14195583596214512,0.23186119873817035
deit_tiny,1.0,43,head_mc,1.0,chexpert,cardiomegaly,entropy,0.11056411962123609,0.035798359577082633,0.8845713932718962,0.14257620452310718,0.40707964601769914,0.5924287118977385
deit_tiny,1.0,43,head_mc,1.0,chexpert,cardiomegaly,variance,0.11277093898513832,0.03646788911768736,0.8795252237391082,0.147984267453294,0.4110127826941986,0.5983284169124877
deit_tiny,1.0,43,head_mc,1.0,chexpert,cardiomegaly,mutual_information,0.12245192928841526,0.03886893261535121,0.8575151113960672,0.16617502458210423,0.4577187807276303,0.6352015732546706
deit_tiny,1.0,43,head_mc,1.0,chexpert,pleural_effusion,entropy,0.31561917540872597,0.07986356686700376,0.5693446876044806,0.12371499468273661,0.5046082949308756,0.7382133995037221
deit_tiny,1.0,43,head_mc,1.0,chexpert,pleural_effusion,variance,0.3199142939688738,0.08402575465210585,0.574462440500986,0.1444523218716767,0.5368663594470046,0.739808578518256
deit_tiny,1.0,43,head_mc,1.0,chexpert,pleural_effusion,mutual_information,0.3613317704280088,0.1242969998115503,0.5785610670511864,0.34083658277206663,0.6575682382133995,0.7945763913505849
deit_tiny,1.0,43,head_mc,1.0,nih,cardiomegaly,entropy,0.04932398412308736,0.003493468728642966,0.9767014463525322,0.03420523138832998,0.2012072434607646,0.42857142857142855
deit_tiny,1.0,43,head_mc,1.0,nih,cardiomegaly,variance,0.050851078369043116,0.003543342754730194,0.9714014445448427,0.03420523138832998,0.22535211267605634,0.4346076458752515
deit_tiny,1.0,43,head_mc,1.0,nih,cardiomegaly,mutual_information,0.057966494899429226,0.00394735504849467,0.9479578390896021,0.04627766599597585,0.27364185110663986,0.4708249496981891
deit_tiny,1.0,43,head_mc,1.0,nih,pleural_effusion,entropy,0.10005803977229742,0.021605652883972,0.8715304714432753,0.05402208201892744,0.3150630914826498,0.5749211356466877
deit_tiny,1.0,43,head_mc,1.0,nih,pleural_effusion,variance,0.10253303203122335,0.022855760910134797,0.8669433170377496,0.05717665615141956,0.3422712933753943,0.5914826498422713
deit_tiny,1.0,43,head_mc,1.0,nih,pleural_effusion,mutual_information,0.14090431070290704,0.033483206739923166,0.7904202243027432,0.15930599369085174,0.5,0.6904574132492114
deit_tiny,1.0,43,head_mc,1.0,vinbig,cardiomegaly,entropy,0.06878175468575758,0.022242302375986657,0.8810400867184761,0.03907539900935608,0.30324711062190424,0.5343973582828839
deit_tiny,1.0,43,head_mc,1.0,vinbig,cardiomegaly,variance,0.07053726424752499,0.023433755657210738,0.8764119965314073,0.04567969179966978,0.3175564116675839,0.5470555861309851
deit_tiny,1.0,43,head_mc,1.0,vinbig,cardiomegaly,mutual_information,0.07765428868842285,0.02707355149507267,0.8576249824640726,0.06219042377545404,0.37369290038525044,0.5916345624656026
deit_tiny,1.0,43,head_mc,1.0,vinbig,pleural_effusion,entropy,0.05682685522285101,0.006117073774480311,0.9478848199484724,0.055205047318611984,0.14195583596214512,0.22712933753943218
deit_tiny,1.0,43,head_mc,1.0,vinbig,pleural_effusion,variance,0.06401621994374204,0.006389467501594154,0.9244374570653517,0.05993690851735016,0.13406940063091483,0.23659305993690852
deit_tiny,1.0,43,head_mc,1.0,vinbig,pleural_effusion,mutual_information,0.12015676994898647,0.010014975420015037,0.7765576682071332,0.11356466876971609,0.2854889589905363,0.4242902208201893
deit_tiny,1.0,43,head_mc_temperature,1.0,chexpert,cardiomegaly,entropy,0.11056411962123609,0.03553224693544533,0.8845713932718962,0.14257620452310718,0.40707964601769914,0.5924287118977385
deit_tiny,1.0,43,head_mc_temperature,1.0,chexpert,pleural_effusion,entropy,0.31561917540872597,0.07869841863674316,0.5693446876044806,0.12371499468273661,0.5046082949308756,0.7382133995037221
deit_tiny,1.0,43,head_mc_temperature,1.0,nih,cardiomegaly,entropy,0.04932398412308736,0.003486438298140746,0.9767014463525322,0.03420523138832998,0.2012072434607646,0.42857142857142855
deit_tiny,1.0,43,head_mc_temperature,1.0,nih,pleural_effusion,entropy,0.10005803977229742,0.021561604952813458,0.8715304714432753,0.05402208201892744,0.3150630914826498,0.5749211356466877
deit_tiny,1.0,43,head_mc_temperature,1.0,vinbig,cardiomegaly,entropy,0.06878175468575758,0.02196521885840936,0.8810400867184761,0.03907539900935608,0.30324711062190424,0.5343973582828839
deit_tiny,1.0,43,head_mc_temperature,1.0,vinbig,pleural_effusion,entropy,0.05682685522285101,0.006329826591214477,0.9478848199484724,0.055205047318611984,0.14195583596214512,0.22712933753943218
deit_tiny,1.0,101,raw,1.0,chexpert,cardiomegaly,entropy,0.15331734413813183,0.03637977301555155,0.8757999262786668,0.15388397246804325,0.4306784660766962,0.6145526057030481
deit_tiny,1.0,101,raw,1.0,chexpert,pleural_effusion,entropy,0.29402049546324055,0.08502261722857767,0.5877496534132624,0.1327543424317618,0.5077986529599433,0.7295285359801489
deit_tiny,1.0,101,raw,1.0,nih,cardiomegaly,entropy,0.06567704871394867,0.00321844729687929,0.9747875511673675,0.02414486921529175,0.19718309859154928,0.3903420523138833
deit_tiny,1.0,101,raw,1.0,nih,pleural_effusion,entropy,0.10650701430699991,0.022062152439487347,0.8679258252116322,0.057570977917981075,0.30441640378548895,0.5776813880126183
deit_tiny,1.0,101,raw,1.0,vinbig,cardiomegaly,entropy,0.10088104064171248,0.026728331770312117,0.8731674313779565,0.07154650522839846,0.364336818932306,0.5712713263621354
deit_tiny,1.0,101,raw,1.0,vinbig,pleural_effusion,entropy,0.043991949540373394,0.006139172296960279,0.9500434710194822,0.06466876971608833,0.1608832807570978,0.24605678233438485
deit_tiny,1.0,101,temperature,1.0,chexpert,cardiomegaly,entropy,0.15331734117215545,0.03621914693525831,0.8757999484172052,0.15388397246804325,0.4306784660766962,0.6145526057030481
deit_tiny,1.0,101,temperature,1.0,chexpert,pleural_effusion,entropy,0.29402051180198635,0.08127815578300754,0.5877495741546159,0.1327543424317618,0.5077986529599433,0.7295285359801489
deit_tiny,1.0,101,temperature,1.0,nih,cardiomegaly,entropy,0.0656770488016329,0.0032192184725809074,0.974787541100253,0.02414486921529175,0.19718309859154928,0.3903420523138833
deit_tiny,1.0,101,temperature,1.0,nih,pleural_effusion,entropy,0.10650705521398808,0.021881201499014045,0.867925643330776,0.057570977917981075,0.30441640378548895,0.5776813880126183
deit_tiny,1.0,101,temperature,1.0,vinbig,cardiomegaly,entropy,0.10088104065047204,0.02654697946512315,0.8731674414163481,0.07154650522839846,0.364336818932306,0.5712713263621354
deit_tiny,1.0,101,temperature,1.0,vinbig,pleural_effusion,entropy,0.04399194946089629,0.006364725474834452,0.9500434346014262,0.06466876971608833,0.1608832807570978,0.24605678233438485
deit_tiny,1.0,101,logistic,1.0,chexpert,cardiomegaly,entropy,0.1533609152913101,0.036329929218898126,0.8756262107013268,0.15388397246804325,0.4306784660766962,0.6145526057030481
deit_tiny,1.0,101,logistic,1.0,chexpert,pleural_effusion,entropy,0.293897142333503,0.08099287537926746,0.5881751987467169,0.1327543424317618,0.5083303792981212,0.7313009571074087
deit_tiny,1.0,101,logistic,1.0,nih,cardiomegaly,entropy,0.0656959198768371,0.00319461209116491,0.9747025394195483,0.02414486921529175,0.19718309859154928,0.3903420523138833
deit_tiny,1.0,101,logistic,1.0,nih,pleural_effusion,entropy,0.10637548476012561,0.02188160043234382,0.8684523014702128,0.057570977917981075,0.305993690851735,0.5839905362776026
deit_tiny,1.0,101,logistic,1.0,vinbig,cardiomegaly,entropy,0.10091158025329858,0.02670266476238683,0.8730326659703505,0.07154650522839846,0.364336818932306,0.5712713263621354
deit_tiny,1.0,101,logistic,1.0,vinbig,pleural_effusion,entropy,0.043982426633775294,0.006356965196769525,0.9500940192811757,0.06466876971608833,0.1608832807570978,0.24605678233438485
deit_tiny,1.0,101,head_mc,1.0,chexpert,cardiomegaly,entropy,0.1491364220510621,0.03642255325470603,0.8772085051145991,0.1553588987217306,0.4296951819075713,0.615535889872173
deit_tiny,1.0,101,head_mc,1.0,chexpert,cardiomegaly,variance,0.1503712979056979,0.03665695848820983,0.8749474885335143,0.1553588987217306,0.4385447394296952,0.6263520157325467
deit_tiny,1.0,101,head_mc,1.0,chexpert,cardiomegaly,mutual_information,0.1561650507423556,0.03776138664804202,0.8643003885314958,0.16470009832841692,0.4582104228121927,0.6533923303834809
deit_tiny,1.0,101,head_mc,1.0,chexpert,pleural_effusion,entropy,0.29657704096319826,0.08494480868682086,0.5859117128187697,0.13328606876993973,0.5072669266217653,0.7307692307692307
deit_tiny,1.0,101,head_mc,1.0,chexpert,pleural_effusion,variance,0.2970703948258533,0.08641431567021451,0.5919584594309404,0.1456930166607586,0.531549096065225,0.7383906416164481
deit_tiny,1.0,101,head_mc,1.0,chexpert,pleural_effusion,mutual_information,0.307141060160138,0.10633918888177138,0.6147880903003088,0.271889400921659,0.619461183977313,0.7761432116270826
deit_tiny,1.0,101,head_mc,1.0,nih,cardiomegaly,entropy,0.0631405337875019,0.003204533882561536,0.9751170193876,0.02414486921529175,0.19517102615694165,0.3903420523138833
deit_tiny,1.0,101,head_mc,1.0,nih,cardiomegaly,variance,0.0639652848105809,0.003272378147343909,0.9726498542762086,0.026156941649899398,0.19517102615694165,0.3903420523138833
deit_tiny,1.0,101,head_mc,1.0,nih,cardiomegaly,mutual_information,0.06762470032147874,0.003528434483586808,0.9618096273095478,0.03219315895372234,0.22535211267605634,0.4164989939637827
deit_tiny,1.0,101,head_mc,1.0,nih,pleural_effusion,entropy,0.10718765058863644,0.02216044596306335,0.8676277533701305,0.05875394321766562,0.305205047318612,0.5788643533123028
deit_tiny,1.0,101,head_mc,1.0,nih,pleural_effusion,variance,0.1078507507443364,0.022793635955094413,0.8673430487484758,0.05993690851735016,0.3249211356466877,0.6080441640378549
deit_tiny,1.0,101,head_mc,1.0,nih,pleural_effusion,mutual_information,0.11545637258264985,0.0268169283837236,0.8538672492303199,0.0859621451104101,0.46845425867507884,0.6837539432176656
deit_tiny,1.0,101,head_mc,1.0,vinbig,cardiomegaly,entropy,0.09772530115453718,0.026832966668164992,0.874477741528739,0.07539900935608146,0.36268574573472756,0.5745734727572922
deit_tiny,1.0,101,head_mc,1.0,vinbig,cardiomegaly,variance,0.09846387014495585,0.028160109787780142,0.8740250810497494,0.0759493670886076,0.375894331315355,0.596587782058338
deit_tiny,1.0,101,head_mc,1.0,vinbig,cardiomegaly,mutual_information,0.1020438993530206,0.030821546266284312,0.867737049343376,0.08805723720418272,0.42102366538249864,0.6389653274628508
deit_tiny,1.0,101,head_mc,1.0,vinbig,pleural_effusion,entropy,0.044881136941625384,0.006131805598603807,0.9499526069684379,0.06624605678233439,0.15930599369085174,0.2476340694006309
deit_tiny,1.0,101,head_mc,1.0,vinbig,pleural_effusion,variance,0.04782063545349316,0.006278053571972576,0.9391769916057917,0.06309148264984227,0.1529968454258675,0.250788643533123
deit_tiny,1.0,101,head_mc,1.0,vinbig,pleural_effusion,mutual_information,0.06619686224745162,0.00752691775314697,0.876540646907895,0.06782334384858044,0.20189274447949526,0.34542586750788645
deit_tiny,1.0,101,head_mc_temperature,1.0,chexpert,cardiomegaly,entropy,0.1491364220510621,0.03628589050769631,0.8772085051145991,0.1553588987217306,0.4296951819075713,0.615535889872173
deit_tiny,1.0,101,head_mc_temperature,1.0,chexpert,pleural_effusion,entropy,0.29657704096319826,0.08130573120767177,0.5859117128187697,0.13328606876993973,0.5072669266217653,0.7307692307692307
deit_tiny,1.0,101,head_mc_temperature,1.0,nih,cardiomegaly,entropy,0.0631405337875019,0.003205393017648522,0.9751170193876,0.02414486921529175,0.19517102615694165,0.3903420523138833
deit_tiny,1.0,101,head_mc_temperature,1.0,nih,pleural_effusion,entropy,0.10718765058863644,0.021986513326600857,0.8676277533701305,0.05875394321766562,0.305205047318612,0.5788643533123028
deit_tiny,1.0,101,head_mc_temperature,1.0,vinbig,cardiomegaly,entropy,0.09772530115453718,0.026678556851967048,0.874477741528739,0.07539900935608146,0.36268574573472756,0.5745734727572922
deit_tiny,1.0,101,head_mc_temperature,1.0,vinbig,pleural_effusion,entropy,0.044881136941625384,0.0063557110831978635,0.9499526069684379,0.06624605678233439,0.15930599369085174,0.2476340694006309
deit_tiny,1.0,ensemble,ensemble,1.0,chexpert,cardiomegaly,entropy,0.12747507645114464,0.033201909511107144,0.8785426432171234,0.12586037364798427,0.3864306784660767,0.5786627335299902
deit_tiny,1.0,ensemble,ensemble,1.0,chexpert,cardiomegaly,variance,0.13668656117001401,0.036114781400283735,0.8629880461508815,0.14601769911504425,0.42330383480825956,0.6312684365781711
deit_tiny,1.0,ensemble,ensemble,1.0,chexpert,cardiomegaly,mutual_information,0.16064475207234175,0.04169245573645491,0.8300162108782435,0.17748279252704033,0.46755162241887904,0.6730580137659784
deit_tiny,1.0,ensemble,ensemble,1.0,chexpert,pleural_effusion,entropy,0.28266921997826655,0.07616672825250728,0.587718010689137,0.1175115207373272,0.4923785891527827,0.7231478199220135
deit_tiny,1.0,ensemble,ensemble,1.0,chexpert,pleural_effusion,variance,0.3016353406039199,0.08841228645159166,0.6119733411975586,0.19071251329315844,0.598014888337469,0.7846508330379298
deit_tiny,1.0,ensemble,ensemble,1.0,chexpert,pleural_effusion,mutual_information,0.3458499215835212,0.10994158755124724,0.6007424002633125,0.2858915278270117,0.6543778801843319,0.8137185395249912
deit_tiny,1.0,ensemble,ensemble,1.0,nih,cardiomegaly,entropy,0.05588544929694167,0.0027710394453712137,0.9748370683254877,0.02012072434607646,0.1710261569416499,0.3420523138832998
deit_tiny,1.0,ensemble,ensemble,1.0,nih,cardiomegaly,variance,0.06182941742376712,0.00329725613339577,0.9577088942011321,0.03822937625754527,0.2112676056338028,0.39235412474849096
deit_tiny,1.0,ensemble,ensemble,1.0,nih,cardiomegaly,mutual_information,0.08154465599449609,0.004486393971110485,0.9173056117265498,0.06237424547283702,0.27364185110663986,0.448692152917505
deit_tiny,1.0,ensemble,ensemble,1.0,nih,pleural_effusion,entropy,0.09696808141285104,0.02041858744348485,0.8713561323836789,0.050078864353312304,0.29534700315457413,0.5741324921135647
deit_tiny,1.0,ensemble,ensemble,1.0,nih,pleural_effusion,variance,0.10873501850607714,0.02508771581839178,0.8614989629869125,0.07255520504731862,0.4530757097791798,0.7074132492113565
deit_tiny,1.0,ensemble,ensemble,1.0,nih,pleural_effusion,mutual_information,0.16717027370918058,0.039219844354034375,0.7899376076658543,0.18493690851735015,0.5500788643533123,0.7618296529968455
deit_tiny,1.0,ensemble,ensemble,1.0,vinbig,cardiomegaly,entropy,0.08793418290249982,0.021919725795563637,0.8735246924204177,0.036873968079251515,0.31645569620253167,0.5365987892129884
deit_tiny,1.0,ensemble,ensemble,1.0,vinbig,cardiomegaly,variance,0.09337623524563904,0.025371149706914668,0.8643763134533861,0.05943863511282334,0.3703907539900936,0.600440286186021
deit_tiny,1.0,ensemble,ensemble,1.0,vinbig,cardiomegaly,mutual_information,0.1110189058108154,0.032581983773653296,0.8374947201857823,0.10566868464501926,0.44193725921849203,0.651073197578426
deit_tiny,1.0,ensemble,ensemble,1.0,vinbig,pleural_effusion,entropy,0.04280520090772813,0.005461567942548134,0.9489702092177543,0.04889589905362776,0.12302839116719243,0.19873817034700317
deit_tiny,1.0,ensemble,ensemble,1.0,vinbig,pleural_effusion,variance,0.06631644022359341,0.007508183819278847,0.8881106906328229,0.06466876971608833,0.2192429022082019,0.3643533123028391
deit_tiny,1.0,ensemble,ensemble,1.0,vinbig,pleural_effusion,mutual_information,0.11365397196078636,0.011054449412283297,0.7956772472081705,0.15772870662460567,0.37066246056782337,0.5410094637223974
deit_tiny,1.0,ensemble,ensemble_temperature,1.0,chexpert,cardiomegaly,entropy,0.12747507645114464,0.03327255501128193,0.8785426432171234,0.12586037364798427,0.3864306784660767,0.5786627335299902
deit_tiny,1.0,ensemble,ensemble_temperature,1.0,chexpert,pleural_effusion,entropy,0.2826692232554168,0.07550149000075701,0.5877180049875584,0.1175115207373272,0.4923785891527827,0.7231478199220135
deit_tiny,1.0,ensemble,ensemble_temperature,1.0,nih,cardiomegaly,entropy,0.05588544929694167,0.0027709202887989605,0.9748370683254878,0.02012072434607646,0.1710261569416499,0.3420523138832998
deit_tiny,1.0,ensemble,ensemble_temperature,1.0,nih,pleural_effusion,entropy,0.09696808141285104,0.02040619379557898,0.8713561323836789,0.050078864353312304,0.29534700315457413,0.5741324921135647
deit_tiny,1.0,ensemble,ensemble_temperature,1.0,vinbig,cardiomegaly,entropy,0.08793418290249982,0.022002081821195087,0.8735246924204177,0.036873968079251515,0.31645569620253167,0.5365987892129884
deit_tiny,1.0,ensemble,ensemble_temperature,1.0,vinbig,pleural_effusion,entropy,0.04280520090772813,0.005558348226072584,0.9489702092177543,0.04889589905362776,0.12302839116719243,0.19873817034700317
